Country,Year,no of eq per year,Avg magnitude,Avg Damage index
HAITI,1842,1,8.1,66874
HAITI,1953,1,5.7,825.12
HAITI,1994,1,5.4,615.12
HAITI,2010,1,7,7567864
CHINA,1022,1,6.5,825.12
CHINA,1038,1,7.3,825.12
CHINA,1057,1,6.8,250599
CHINA,1067,1,6.8,6099
CHINA,1068,1,6,10803.48
CHINA,1125,1,7,5553.48
CHINA,1143,1,6,105303.48
CHINA,1209,1,6.3,35303.48
CHINA,1219,1,6.5,100599
CHINA,1227,1,5.5,825.12
CHINA,1290,1,6.8,72778.48
CHINA,1291,1,6.5,2075.12
CHINA,1303,1,8,915374
CHINA,1305,1,6.5,72553.48
CHINA,1306,1,6.5,55303.48
CHINA,1314,1,6,4425.72
CHINA,1327,1,4.8,825.12
CHINA,1337,1,6.5,825.12
CHINA,1351,1,5.5,6075.12
CHINA,1352,1,7,1275.72
CHINA,1361,1,5,6075.12
CHINA,1368,1,6,828.48
CHINA,1372,1,4.8,735.12
CHINA,1440,1,6.3,3025.72
CHINA,1445,1,6.3,10803.48
CHINA,1478,1,5.5,6525.72
CHINA,1481,1,6,10803.48
CHINA,1484,1,6.8,1775.72
CHINA,1487,1,6.3,24303.48
CHINA,1488,1,5.5,933.12
CHINA,1494,1,5.5,2180.72
CHINA,1495,1,6.3,946.72
CHINA,1501,1,7,52974
CHINA,1502,1,6.5,1075.12
CHINA,1505,1,5,1325.12
CHINA,1507,1,5.3,1325.12
CHINA,1511,1,5.8,1325.12
CHINA,1512,1,6.5,10803.48
CHINA,1514,1,5.5,6075.12
CHINA,1515,1,7,6303.48
CHINA,1517,1,5.5,1325.12
CHINA,1520,1,5.5,825.12
CHINA,1531,1,4.8,825.12
CHINA,1535,1,5,6075.12
CHINA,1536,1,7.3,10803.48
CHINA,1539,1,5.5,1325.12
CHINA,1551,1,5,6075.12
CHINA,1556,1,8,8300599
CHINA,1560,2,5.5,11164.6
CHINA,1561,1,7.3,10609
CHINA,1568,2,6.4,1702.1
CHINA,1571,1,6,10103.48
CHINA,1573,1,6.8,10803.48
CHINA,1577,1,6.5,825.12
CHINA,1579,1,5,675.12
CHINA,1586,1,5.5,775.12
CHINA,1588,1,6,825.12
CHINA,1590,1,5.5,6078.48
CHINA,1600,1,7,11203.48
CHINA,1604,1,8,5553.48
CHINA,1605,1,7.5,33874
CHINA,1606,1,6.5,33874
CHINA,1609,1,7.3,13703.48
CHINA,1611,1,5.5,1045.12
CHINA,1614,1,6.5,5553.48
CHINA,1618,1,6.5,5553.48
CHINA,1621,1,5.5,825.12
CHINA,1622,1,7,226574
CHINA,1626,1,7,65874
CHINA,1627,1,6,1325.12
CHINA,1628,1,6.3,5933.48
CHINA,1630,1,6.3,1325.12
CHINA,1631,3,5.83,10341.41333
CHINA,1634,3,5.67,3817.906667
CHINA,1641,1,5.8,825.12
CHINA,1642,1,6,1325.12
CHINA,1652,1,6.8,43874
CHINA,1654,1,8,117874
CHINA,1657,1,6,10803.48
CHINA,1658,1,6,6525.72
CHINA,1664,1,5.5,6075.12
CHINA,1668,1,8.5,439654
CHINA,1670,1,6.8,6075.12
CHINA,1677,1,5.5,6075.12
CHINA,1679,2,6.5,73159.56
CHINA,1680,1,6.8,32303.48
CHINA,1683,1,7,23884
CHINA,1688,1,6.3,7200.72
CHINA,1695,1,8,213874
CHINA,1704,2,5.75,13414.6
CHINA,1709,1,7.5,34194
CHINA,1710,1,5.5,5550.72
CHINA,1713,2,6.65,20474.56
CHINA,1716,1,7.5,828.48
CHINA,1718,1,7.5,743874
CHINA,1720,1,6.8,1775.72
CHINA,1725,2,5.75,14145.6
CHINA,1730,1,6.5,240954
CHINA,1733,1,7.5,1775.72
CHINA,1738,2,6,2855.42
CHINA,1739,1,8,513874
CHINA,1748,4,5.625,1123.17
CHINA,1750,1,6,1395.72
CHINA,1751,1,6.8,150782
CHINA,1755,2,6.25,23582.1
CHINA,1761,2,6,14472.1
CHINA,1763,1,6.5,50874
CHINA,1765,1,6.5,693786
CHINA,1770,1,5.5,1320.12
CHINA,1785,1,6,1385.72
CHINA,1786,2,6.75,7602.1
CHINA,1789,2,5.75,8164.3
CHINA,1791,1,5.5,5550.72
CHINA,1792,1,6,7350.72
CHINA,1793,1,6,7340.72
CHINA,1799,1,6.5,157498
CHINA,1803,1,6,1275.72
CHINA,1811,1,6.5,10532.72
CHINA,1812,1,8,15575.12
CHINA,1814,2,5.65,11359.3
CHINA,1815,1,6.8,310374
CHINA,1816,1,6.5,38829.48
CHINA,1819,1,5.8,2846.72
CHINA,1820,1,6,239504
CHINA,1822,1,5.5,1060.12
CHINA,1827,1,5.3,2085.12
CHINA,1829,2,5.75,6914.6
CHINA,1830,1,7.5,1886944
CHINA,1831,1,6.3,905.12
CHINA,1833,1,8,855954
CHINA,1834,3,5.5,2785.12
CHINA,1837,1,6,9189.72
CHINA,1839,2,6,11669.22
CHINA,1842,1,7,54443.48
CHINA,1850,2,6.25,104212.06
CHINA,1852,1,6,186353.48
CHINA,1854,1,5.5,6525.72
CHINA,1855,2,5.15,3142.92
CHINA,1856,1,5.5,3575.12
CHINA,1861,1,6,7254.72
CHINA,1862,1,5.5,6050.72
CHINA,1863,2,5.5,5674.3
CHINA,1868,1,5.5,1325.12
CHINA,1870,1,7.3,36874
CHINA,1876,1,6,5830.72
CHINA,1878,1,5.5,6003.48
CHINA,1879,1,8,245674
CHINA,1880,1,5.5,527.72
CHINA,1881,1,6.5,48353.48
CHINA,1882,1,5.8,5413.48
CHINA,1883,1,5.5,5550.72
CHINA,1884,1,6.5,5910.72
CHINA,1885,2,5.5,5587.42
CHINA,1887,1,6.8,49103.48
CHINA,1888,2,6.25,3414.3
CHINA,1890,1,5.5,5550.72
CHINA,1891,1,5.8,1655.12
CHINA,1893,4,6.4,9728.1
CHINA,1895,1,6,5962.72
CHINA,1896,3,6.3,2334.853333
CHINA,1898,2,5.75,5563.22
CHINA,1901,1,6,10803.48
CHINA,1902,2,6.6,22117.36
CHINA,1904,1,6,9300.72
CHINA,1905,1,5,507.12
CHINA,1906,4,6.4,11997.66
CHINA,1909,1,6.5,5510.72
CHINA,1910,1,6.8,5550.72
CHINA,1911,2,5.5,5550.72
CHINA,1913,2,6.5,12872.6
CHINA,1914,1,7.5,1035.12
CHINA,1915,1,7,7000.72
CHINA,1917,4,6.775,11081.93
CHINA,1918,2,6.4,23249.56
CHINA,1920,1,8.3,2000581
CHINA,1923,1,7.3,61853.48
CHINA,1924,1,7.3,2025.72
CHINA,1925,2,6.4,42422.36
CHINA,1926,1,5.5,6525.12
CHINA,1927,4,6.025,167762.14
CHINA,1928,1,5.8,965.72
CHINA,1929,1,6,1270.72
CHINA,1930,4,5.875,2799.17
CHINA,1931,1,8,113874
CHINA,1932,4,6.15,6298.36
CHINA,1933,2,6.25,54747.06
CHINA,1934,2,6.15,5386.72
CHINA,1935,2,6,3447.92
CHINA,1936,6,6.233333333,30864.42
CHINA,1937,3,6.5,9616.613333
CHINA,1938,1,6,1325.12
CHINA,1939,1,5.5,595.12
CHINA,1940,4,5.825,33103.1
CHINA,1941,4,6.5,17080.61
CHINA,1942,2,6.4,14374.86
CHINA,1943,2,5.75,5812.92
CHINA,1944,2,7.1,1165.12
CHINA,1945,1,6.3,1235.12
CHINA,1947,3,6.233333333,2396.986667
CHINA,1948,3,6.633333333,9444.973333
CHINA,1949,2,6.4,5457.3
CHINA,1950,2,6.4,2152.92
CHINA,1951,2,6.9,135229.56
CHINA,1952,4,6.15,21547.05
CHINA,1953,1,5,1275.12
CHINA,1954,4,6.15,3170.61
CHINA,1955,6,6.6,30965.60667
CHINA,1956,2,5,825.12
CHINA,1957,1,5,825.12
CHINA,1958,2,6,825.12
CHINA,1959,3,5.6,879.12
CHINA,1960,3,5.966666667,2413.24
CHINA,1961,5,5.84,31612.104
CHINA,1962,6,6.083333333,6305.573333
CHINA,1963,4,6.325,911.52
CHINA,1964,2,5.05,816.12
CHINA,1965,3,6.066666667,3975.52
CHINA,1966,12,6.008333333,4767.01
CHINA,1967,5,5.94,101141.208
CHINA,1969,4,6.4,36847.4
CHINA,1970,1,7.8,105303.48
CHINA,1971,1,5.9,825.12
CHINA,1973,2,7.55,1468.92
CHINA,1974,2,6.3,103064.6
CHINA,1975,1,7.4,16874
CHINA,1976,4,7.4,2207529.17
CHINA,1979,2,5.65,527246.86
CHINA,1981,1,6.8,32491.2
CHINA,1982,2,5.05,670.12
CHINA,1983,3,5.7,16419.34667
CHINA,1985,2,6.65,5056.22
CHINA,1987,3,5.533333333,114484.9733
CHINA,1988,4,5.95,959924.07
CHINA,1989,5,5.58,145115.896
CHINA,1990,3,6.3,469437.4013
CHINA,1991,2,5.8,45437.22
CHINA,1992,1,3.7,825.12
CHINA,1993,3,5.8,86145.24
CHINA,1994,2,5.5,7062.42
CHINA,1995,3,6.2,317269.7813
CHINA,1996,3,6.3,2971154.067
CHINA,1997,6,6.183333333,35172.00667
CHINA,1998,6,5.566666667,201557.9707
CHINA,1999,4,5,14929.38
CHINA,2000,4,5.375,106855.89
CHINA,2001,5,5.76,116372.216
CHINA,2002,3,5.5,40913.57333
CHINA,2003,14,5.628571429,242249.8457
CHINA,2004,5,5.16,222885.04
CHINA,2005,7,4.9,215070.88
CHINA,2006,8,4.8125,7267.015
CHINA,2007,4,5.225,10667.68
CHINA,2008,15,5.973333333,12371146.63
CHINA,2009,6,5.25,39308.17333
CHINA,2010,5,5.14,52990.888
CHINA,2011,10,5.29,26415.772
CHINA,2012,5,5.48,277065.912
CHINA,2013,6,5.633333333,106047.98
CHINA,2014,8,5.8625,31018.24
CHINA,2015,4,5.225,26046.209
CHINA,2016,1,5.5,1105.12
NEPAL,1833,1,8,5553.48
NEPAL,1869,1,6.5,19374
NEPAL,1916,1,7.7,825.12
NEPAL,1934,1,8,119874
NEPAL,1966,1,6.3,48550.24
NEPAL,1980,1,6.5,6833.8
NEPAL,1988,1,6.6,11516.56
NEPAL,1993,1,5.1,825.12
NEPAL,2011,1,5.4,825.12
NEPAL,2015,2,7.55,2282609.86
PORTUGAL,1531,1,7.7,313853.48
PORTUGAL,1755,1,8.5,500599
PORTUGAL,1761,1,8.5,825.12
PORTUGAL,1909,1,6.6,1325.72
PORTUGAL,1969,1,7.8,2145.72
TURKEMINSTAN,1175,1,7.1,825.12
TURKEMINSTAN,1208,1,6.1,825.12
TURKEMINSTAN,1895,1,8.2,5553.48
TURKEMINSTAN,1946,1,7.5,825.12
TURKEMINSTAN,1948,1,7.3,1125656
TURKEMINSTAN,1983,1,4.6,826.2
TURKEMINSTAN,2000,1,7,1085.12
EL SLAVADOR,1859,2,6.6,3189.3
EL SLAVADOR,1902,1,7,3028.48
EL SLAVADOR,1915,1,6.6,5550.72
EL SLAVADOR,1917,1,6.7,10824
EL SLAVADOR,1919,2,6.3,2651.8
EL SLAVADOR,1933,1,6.9,825.12
EL SLAVADOR,1951,1,6.5,825.12
EL SLAVADOR,1965,1,6,10737.4
EL SLAVADOR,1982,1,6.2,5206.2
EL SLAVADOR,1986,1,5.4,171735
EL SLAVADOR,2001,3,6.666666667,845332.36
EL SLAVADOR,2011,1,5.1,1155.12
EL SLAVADOR,2012,1,7.3,825.12
EL SLAVADOR,2014,1,7.3,501.12
MOROCCO,1960,1,5.9,336128.8
MOROCCO,2004,1,6.4,36713
MOROCCO,2016,1,6.3,745.12
SYRIA,1151,1,6.2,825.12
SYRIA,1182,1,6.7,825.12
SYRIA,1202,1,7.6,313874
INDIA,1819,1,7.7,29727
INDIA,1833,1,7.5,825.12
INDIA,1845,1,6.3,1275.72
INDIA,1846,1,7.5,825.12
INDIA,1881,1,7.9,3978.48
INDIA,1897,1,8,29294
INDIA,1905,1,7.8,190599
INDIA,1941,1,7.6,14124
INDIA,1947,1,7.9,825.12
INDIA,1950,1,8.6,15879.8
INDIA,1955,1,7.3,825.12
INDIA,1956,1,6.1,825.12
INDIA,1961,1,7.6,825.12
INDIA,1963,1,5.3,825.12
INDIA,1966,1,5.6,825.12
INDIA,1967,1,6.5,825.12
INDIA,1970,1,5.4,2235.72
INDIA,1975,1,6.8,1045.72
INDIA,1980,2,4.85,3197.92
INDIA,1982,1,6.3,1225.72
INDIA,1984,1,5.6,1378.48
INDIA,1986,1,5.3,4068.48
INDIA,1991,2,6,51444.76
INDIA,1993,2,5.4,182498.56
INDIA,1997,2,5.95,201968.72
INDIA,1999,1,6.6,194226
INDIA,2000,1,4.6,1275.12
INDIA,2001,1,7.7,4586517.52
INDIA,2002,1,6.5,730.72
INDIA,2004,1,5.4,1225.12
INDIA,2005,8,5.0375,767.345
INDIA,2006,4,5.125,685.62
INDIA,2007,4,4.625,793.62
INDIA,2008,4,4.4,3700.11
INDIA,2009,5,5.36,972.84
INDIA,2010,5,5.96,1491.24
INDIA,2011,5,5.1,14567.0384
INDIA,2012,2,5.2,1036.12
INDIA,2013,1,5.7,584170.68
INDIA,2015,1,5.1,641.12
INDIA,2016,1,6.7,1605.12
ALGERIA,1885,1,5.9,5633.48
ALGERIA,1910,1,6.4,695.12
ALGERIA,1922,1,5.1,825.12
ALGERIA,1924,1,5.6,825.12
ALGERIA,1937,1,5.2,825.12
ALGERIA,1943,1,5,825.12
ALGERIA,1946,1,5.6,3218.48
ALGERIA,1947,1,5.3,4805.72
ALGERIA,1954,3,6.466666667,78077.22667
ALGERIA,1959,1,5.5,825.12
ALGERIA,1960,1,5.6,1549.72
ALGERIA,1965,1,5.5,25490.48
ALGERIA,1967,1,5,730.12
ALGERIA,1968,1,4.9,1092.72
ALGERIA,1975,1,4.3,529.72
ALGERIA,1980,1,7.7,2373398
ALGERIA,1985,1,5.9,635.12
ALGERIA,1987,1,4.3,5877.24
ALGERIA,1988,1,5.6,825.12
ALGERIA,1989,1,5.7,825.12
ALGERIA,1994,1,5.9,15584
ALGERIA,1999,1,5.6,28804.62296
ALGERIA,2003,2,6.25,249944.36
ALGERIA,2004,3,4.466666667,1587.786667
ALGERIA,2006,1,4.9,820.12
ALGERIA,2008,2,5.05,980.72
ALGERIA,2010,1,5.2,739.12
ALGERIA,2013,2,4.85,2414.12
ALGERIA,2014,1,5.6,3795.12
AZERBAIJAN,1667,1,6.9,813874
AZERBAIJAN,1669,1,5.7,825.12
AZERBAIJAN,1828,1,5.7,825.12
AZERBAIJAN,1842,1,4.3,825.12
AZERBAIJAN,1859,1,5.9,825.12
AZERBAIJAN,1872,1,5.7,828.48
AZERBAIJAN,1902,1,6.9,32978
AZERBAIJAN,1999,1,5.4,680.2
AZERBAIJAN,2000,1,6.8,4125.12
AZERBAIJAN,2012,1,5.7,28703.48
JAPAN,1026,1,7.5,37363.48
JAPAN,1088,1,7,825.12
JAPAN,1096,1,8.4,825.12
JAPAN,1099,1,8.4,825.12
JAPAN,1241,1,7,825.12
JAPAN,1257,2,7.25,825.12
JAPAN,1293,1,7.1,230818.48
JAPAN,1331,1,7,825.12
JAPAN,1341,1,7,26575.12
JAPAN,1360,1,7,6075.12
JAPAN,1361,1,8.4,22274
JAPAN,1403,1,7,825.12
JAPAN,1406,1,6.2,825.12
JAPAN,1408,1,7,825.12
JAPAN,1433,1,7.1,6078.48
JAPAN,1448,1,7,825.72
JAPAN,1495,1,7.1,2575.12
JAPAN,1498,3,7.4,20334.57333
JAPAN,1510,2,6.85,825.12
JAPAN,1520,1,7,1275.12
JAPAN,1586,1,8.2,170353.48
JAPAN,1589,1,6.7,10803.48
JAPAN,1596,1,6.9,8153.48
JAPAN,1597,1,6.4,975.12
JAPAN,1602,1,7.2,6075.12
JAPAN,1605,2,7.9,32518.48
JAPAN,1611,1,8.1,50578.48
JAPAN,1614,1,7.7,6075.72
JAPAN,1615,1,6.4,825.12
JAPAN,1616,2,7.25,4325.42
JAPAN,1619,1,6.4,825.12
JAPAN,1633,1,7.1,2075.72
JAPAN,1640,1,6.5,7530.12
JAPAN,1642,1,6.7,825.12
JAPAN,1644,1,6.9,1772.72
JAPAN,1646,1,7.6,828.48
JAPAN,1647,1,6.4,825.12
JAPAN,1662,1,7.6,24850.72
JAPAN,1666,1,6.4,1325.12
JAPAN,1667,1,6.7,825.12
JAPAN,1670,1,6.4,825.12
JAPAN,1671,1,6.9,825.12
JAPAN,1677,2,7.75,7593.8
JAPAN,1678,1,7.4,825.12
JAPAN,1698,1,6.4,825.12
JAPAN,1700,1,7,15303.48
JAPAN,1703,1,8.2,234162
JAPAN,1707,2,8.4,426863.74
JAPAN,1708,1,7,825.12
JAPAN,1711,1,6.7,25770.48
JAPAN,1715,1,6.6,825.12
JAPAN,1717,1,7.6,825.12
JAPAN,1726,1,6.6,6525.72
JAPAN,1730,1,7.6,825.12
JAPAN,1731,1,6.6,825.12
JAPAN,1732,1,6.5,825.12
JAPAN,1739,1,7.1,825.12
JAPAN,1751,1,6.6,103274
JAPAN,1762,1,6.6,1334.12
JAPAN,1763,3,7.433333333,4232.64
JAPAN,1766,1,6.9,91153.48
JAPAN,1768,1,6.5,681.12
JAPAN,1769,1,7.4,1125.72
JAPAN,1770,1,7.4,825.12
JAPAN,1771,1,7.4,164367
JAPAN,1772,1,7.4,825.12
JAPAN,1782,1,7.3,14853.48
JAPAN,1791,1,6.5,1325.12
JAPAN,1792,2,6.65,106627.56
JAPAN,1793,2,7.6,10095.1
JAPAN,1799,1,6.4,6375.72
JAPAN,1802,1,6.6,10083.48
JAPAN,1804,1,7.3,103814
JAPAN,1808,1,6.5,825.12
JAPAN,1810,1,6.6,17179.48
JAPAN,1812,1,6.6,825.12
JAPAN,1828,1,6.4,825.12
JAPAN,1833,1,7.4,22053.48
JAPAN,1834,1,6.4,1257.12
JAPAN,1835,1,7.6,10803.48
JAPAN,1839,1,7.3,825.12
JAPAN,1843,1,8.4,1475.72
JAPAN,1846,1,6.9,825.12
JAPAN,1847,1,7.4,426374
JAPAN,1854,2,8.35,195349
JAPAN,1855,3,7,173198.08
JAPAN,1856,1,8,3625.72
JAPAN,1857,1,6.4,825.12
JAPAN,1861,1,7.4,1230.72
JAPAN,1863,1,6.4,825.12
JAPAN,1872,1,7.4,61978
JAPAN,1881,1,7,825.12
JAPAN,1889,1,6.3,3093.12
JAPAN,1891,1,8.4,1352697
JAPAN,1894,3,7.466666667,12886.44
JAPAN,1896,1,8.3,444370
JAPAN,1897,4,7.825,2006.52
JAPAN,1898,1,7.2,5369.48
JAPAN,1899,1,7.1,825.12
JAPAN,1900,1,7.8,825.12
JAPAN,1901,4,7.575,769.67
JAPAN,1904,3,7.8,825.12
JAPAN,1905,3,7.433333333,987.12
JAPAN,1906,1,8.4,825.12
JAPAN,1909,4,7.25,3005.71
JAPAN,1910,2,7.45,825.12
JAPAN,1911,1,8,4271.48
JAPAN,1912,1,6.6,825.12
JAPAN,1914,3,7.466666667,9990.386667
JAPAN,1915,2,7.75,825.12
JAPAN,1916,2,7.9,825.12
JAPAN,1919,1,7.6,825.12
JAPAN,1923,2,7.8,4182260.56
JAPAN,1925,1,6.8,34321
JAPAN,1926,1,7.5,825.12
JAPAN,1927,3,7.033333333,85837.28
JAPAN,1929,1,6.8,825.12
JAPAN,1930,1,7.1,85935
JAPAN,1931,3,7.4,712.12
JAPAN,1933,1,8.4,84594
JAPAN,1935,1,6.3,825.12
JAPAN,1938,7,7.085714286,726.9771429
JAPAN,1939,2,6.8,2758.42
JAPAN,1940,1,7.5,630.72
JAPAN,1941,1,7.4,613.12
JAPAN,1943,1,7.4,84025
JAPAN,1944,1,8.1,573858.48
JAPAN,1945,1,7.1,95391
JAPAN,1946,1,8.1,118943
JAPAN,1947,1,7,825.12
JAPAN,1948,1,7.3,817808
JAPAN,1952,2,7.6,14205.6
JAPAN,1953,1,7.4,585.12
JAPAN,1954,1,6.5,825.12
JAPAN,1956,1,6.5,825.12
JAPAN,1958,1,7.5,5525.12
JAPAN,1960,3,6.966666667,825.12
JAPAN,1961,2,7.3,1290.92
JAPAN,1962,3,6.566666667,2145.32
JAPAN,1964,3,7,8574.346667
JAPAN,1965,1,6,417.12
JAPAN,1968,6,7.366666667,3102.606667
JAPAN,1969,1,7.6,825.12
JAPAN,1970,1,7,729.12
JAPAN,1971,1,7.3,825.12
JAPAN,1972,2,7.3,825.42
JAPAN,1973,1,7.7,639.2
JAPAN,1974,2,6.1,1633.92
JAPAN,1975,2,5.95,825.12
JAPAN,1978,4,6.325,25275.58
JAPAN,1979,1,6.4,825.12
JAPAN,1980,2,6.1,830.48
JAPAN,1981,1,6.9,825.12
JAPAN,1982,3,6.533333333,825.12
JAPAN,1983,6,6.166666667,1426.533333
JAPAN,1984,4,6.3,825.32
JAPAN,1987,4,6.025,727.77
JAPAN,1989,3,6.333333333,825.12
JAPAN,1990,2,6.45,825.12
JAPAN,1992,3,6.3,857.12
JAPAN,1993,4,6.975,7077.71
JAPAN,1994,2,7.1,1435.508
JAPAN,1995,4,6.55,544155.34
JAPAN,1996,4,6.425,825.12
JAPAN,1997,2,6.15,825.12
JAPAN,2000,5,6.6,4512.096
JAPAN,2001,1,6.8,23853
JAPAN,2002,1,6.4,825.12
JAPAN,2003,6,6.45,4431.42
JAPAN,2004,8,6.525,11449.73
JAPAN,2005,5,6.66,1575.64
JAPAN,2006,1,6.3,689.12
JAPAN,2007,4,6.35,5905.83
JAPAN,2008,5,6.84,2319.512
JAPAN,2009,2,5.65,16512.8
JAPAN,2010,2,7.2,733.12
JAPAN,2011,7,7.528571429,440307.1756
JAPAN,2012,2,7.05,769.12
JAPAN,2013,3,6.233333333,799.7866667
JAPAN,2014,3,6.333333333,965.4533333
JAPAN,2015,4,6.725,825.12
JAPAN,2016,3,6.7,245287.7467
PAKISTAN,1909,1,7.2,825.12
PAKISTAN,1931,1,7.4,825.12
PAKISTAN,1935,1,7.5,613856
PAKISTAN,1945,1,8,40581
PAKISTAN,1947,1,7.6,825.12
PAKISTAN,1972,1,6.2,825.12
PAKISTAN,1974,1,6.2,194100.7812
PAKISTAN,1978,1,5.9,825.12
PAKISTAN,1981,2,4.95,11643.96
PAKISTAN,1983,1,4.2,825.72
PAKISTAN,1984,1,6.1,520.2
PAKISTAN,1986,2,4.85,1389.3
PAKISTAN,1990,2,6.2,2314.18
PAKISTAN,1992,2,5.75,5675.72
PAKISTAN,1997,2,6,5237.92
PAKISTAN,2002,2,5.85,7803.98
PAKISTAN,2004,2,4.95,23121.3
PAKISTAN,2005,2,6.25,691591.56
PAKISTAN,2006,2,4.85,930.12
PAKISTAN,2007,1,4.8,481.12
PAKISTAN,2008,2,6.4,30930.36
PAKISTAN,2009,1,5.4,1277.12
PAKISTAN,2010,2,4.95,988.12
PAKISTAN,2011,1,7.2,2055.72
PAKISTAN,2013,2,7.25,194828.56
PAKISTAN,2014,1,4.5,1405.12
PAKISTAN,2015,2,5.25,467.12
BULGARIA,1901,2,6.8,11391.8
BULGARIA,1904,2,7.65,828.48
BULGARIA,1905,1,6.4,825.12
BULGARIA,1913,1,6.8,825.12
BULGARIA,1928,2,6.9,359624
BULGARIA,1986,1,5.6,886.2
BULGARIA,2003,1,4.4,1440.72
BULGARIA,2006,1,4.6,641.12
BULGARIA,2012,1,5.6,1215.72
ARMENIA,1931,1,6.3,825.12
ARMENIA,1968,2,5,825.12
ARMENIA,1988,1,6.8,267738
ARMENIA,1998,1,6,825.72
GUINEA,1983,1,6.2,53469.92
ITALY,1001,1,6,825.12
ITALY,1233,1,5.6,825.12
ITALY,1277,1,5.1,825.12
ITALY,1542,1,6.6,828.48
ITALY,1613,1,5.6,3180.72
ITALY,1627,1,6.7,50575.12
ITALY,1638,1,7,109684
ITALY,1646,1,5.2,3975.72
ITALY,1649,1,5,825.12
ITALY,1672,1,5.6,20303.48
ITALY,1693,1,6,609122
ITALY,1695,1,6.2,825.12
ITALY,1703,2,4.95,53064.3
ITALY,1727,1,5.2,825.12
ITALY,1783,5,6.44,70271.912
ITALY,1784,2,4.1,825.12
ITALY,1808,1,5.7,595.12
ITALY,1846,1,6.1,1138.48
ITALY,1857,1,6.5,825.12
ITALY,1905,1,7.9,825.12
ITALY,1907,1,5.9,6880.72
ITALY,1908,1,7,813877.84
ITALY,1910,1,5.9,825.12
ITALY,1911,1,4.3,825.12
ITALY,1914,1,4.9,3560.48
ITALY,1915,1,7.5,300369.4
ITALY,1916,1,5.1,825.12
ITALY,1917,1,5.5,825.12
ITALY,1919,2,5.9,825.12
ITALY,1920,1,5.8,14575.12
ITALY,1926,1,5.3,825.12
ITALY,1928,2,5.9,3247.92
ITALY,1930,2,6.2,3154.3
ITALY,1940,1,4.8,825.12
ITALY,1962,1,6.1,825.12
ITALY,1968,3,5.233333333,2945.346667
ITALY,1969,1,4.7,657.12
ITALY,1971,2,4.9,6236.48
ITALY,1972,2,4.6,825.12
ITALY,1973,1,3.5,825.12
ITALY,1976,4,5.975,6888.89
ITALY,1978,2,5.35,825.12
ITALY,1979,1,5.8,40428.48
ITALY,1980,2,5.7,57245.06
ITALY,1981,1,4.6,695.12
ITALY,1982,1,4.4,825.12
ITALY,1983,1,5,1425.72
ITALY,1984,3,5.433333333,1375.64
ITALY,1985,1,4.3,497.12
ITALY,1987,1,4.6,641.72
ITALY,1990,2,5.35,1404.36
ITALY,1997,2,5.85,361500.548
ITALY,1998,1,5.2,3140.12
ITALY,2002,3,5.333333333,4252.72
ITALY,2003,2,5,980.12
ITALY,2004,1,5.1,5422.72
ITALY,2009,2,5.9,75697.56
ITALY,2012,3,5.7,3993.706667
ITALY,2016,3,6.466666667,6194.906667
UZBEKISTAN,1390,1,6.1,825.72
UZBEKISTAN,1490,1,5.8,825.12
UZBEKISTAN,1620,1,5.8,825.12
UZBEKISTAN,1799,1,6,825.12
UZBEKISTAN,1868,1,6.5,825.12
UZBEKISTAN,1902,1,6.4,424510
UZBEKISTAN,1976,2,7,825.12
UZBEKISTAN,1978,1,6.8,825.12
UZBEKISTAN,1984,1,7,1426.2
UZBEKISTAN,2011,1,6.1,1653.12
GUATEMALA,1816,1,7.5,5533.48
GUATEMALA,1902,2,6.9,10701.8
GUATEMALA,1915,1,7.9,825.12
GUATEMALA,1917,1,6,27099
GUATEMALA,1921,1,7.5,825.12
GUATEMALA,1942,1,7.9,825.12
GUATEMALA,1950,1,7.5,5553.48
GUATEMALA,1976,2,6.3,419853
GUATEMALA,1978,1,4.5,4945.72
GUATEMALA,1979,2,5.75,772.72
GUATEMALA,1980,1,5.3,825.12
GUATEMALA,1985,1,4.5,12450.72
GUATEMALA,1986,1,4.7,5100.72
GUATEMALA,1988,1,6,1475.72
GUATEMALA,1991,1,6.2,2228.48
GUATEMALA,1993,1,7.2,409.72
GUATEMALA,1998,1,6.6,1291.12
GUATEMALA,1999,1,6.7,427.72
GUATEMALA,2007,1,6.7,1275.12
GUATEMALA,2008,2,5.85,774.12
GUATEMALA,2011,1,5.6,585.12
GUATEMALA,2012,1,7.3,72010.48
GUATEMALA,2013,1,6.6,473.12
ROMANIA,1802,1,7.4,825.12
ROMANIA,1821,1,6.7,825.12
ROMANIA,1838,1,6.9,825.12
ROMANIA,1940,1,7.3,825.12
ROMANIA,1977,2,6.3,51045.06
ROMANIA,1986,1,6.9,334884.2
ROMANIA,1990,2,6.4,3472.904
ROMANIA,1991,3,5.566666667,12125.52
ROMANIA,2004,1,5.8,825.12
CHILE,1562,1,8,6078.48
CHILE,1570,1,8.3,25303.48
CHILE,1575,1,8.5,14238.48
CHILE,1615,1,7.5,825.72
CHILE,1647,1,8.5,15324
CHILE,1657,1,8,5703.48
CHILE,1681,1,7.5,825.12
CHILE,1687,1,7.5,825.12
CHILE,1730,1,8.7,5353.48
CHILE,1737,1,8,1775.72
CHILE,1751,1,8.5,5953.48
CHILE,1796,1,7.7,5550.72
CHILE,1819,3,8.166666667,5877.56
CHILE,1822,1,8.5,10594
CHILE,1829,1,7,825.12
CHILE,1831,1,7.8,825.12
CHILE,1835,1,8.2,13014
CHILE,1836,1,7.5,825.12
CHILE,1837,1,8.5,5463.48
CHILE,1847,1,7.3,825.12
CHILE,1849,1,6.5,825.12
CHILE,1851,2,7.15,5552.1
CHILE,1858,1,6.5,825.12
CHILE,1859,1,7.6,3501.72
CHILE,1868,2,8.5,125736.06
CHILE,1869,2,7.15,825.12
CHILE,1871,2,7.4,3532.98
CHILE,1877,1,8.3,29153.48
CHILE,1878,1,7.9,5553.48
CHILE,1880,1,7.7,5773.48
CHILE,1898,1,6.5,1085.72
CHILE,1903,1,6.5,1275.72
CHILE,1906,1,8.2,40599
CHILE,1909,1,7.6,825.12
CHILE,1911,1,7.3,825.12
CHILE,1914,1,7.6,825.12
CHILE,1918,2,7.85,3189.3
CHILE,1920,1,7,1575.72
CHILE,1922,1,8.7,12303.48
CHILE,1923,1,7,1575.72
CHILE,1925,1,7.1,825.12
CHILE,1926,1,6,825.12
CHILE,1927,1,7.1,825.12
CHILE,1928,2,7.35,4459.3
CHILE,1929,1,7.5,825.12
CHILE,1930,1,6,825.12
CHILE,1931,1,7.1,825.12
CHILE,1933,2,6.55,825.12
CHILE,1934,1,6.9,5950.72
CHILE,1936,1,7.3,5430.72
CHILE,1939,2,7.85,157447.96
CHILE,1940,2,7.15,825.12
CHILE,1943,1,8.2,685.12
CHILE,1946,1,7.9,598.48
CHILE,1948,1,7,825.12
CHILE,1949,3,7.633333333,778.6533333
CHILE,1950,2,7.5,905.12
CHILE,1953,2,7.5,809.06
CHILE,1955,1,7.1,585.12
CHILE,1956,1,7.1,825.12
CHILE,1957,1,7,825.12
CHILE,1958,1,6.8,825.12
CHILE,1960,3,8.366666667,193356.08
CHILE,1961,1,6.5,825.12
CHILE,1962,1,7.3,825.12
CHILE,1965,4,6.7,825.12
CHILE,1966,1,7.8,5178.096
CHILE,1967,2,6.7,3030.42
CHILE,1970,3,6.133333333,825.12
CHILE,1971,2,7.05,5193.928
CHILE,1972,2,6,825.12
CHILE,1973,1,6.7,825.12
CHILE,1974,1,7.1,825.12
CHILE,1975,2,7.3,710.12
CHILE,1976,1,7.3,825.12
CHILE,1978,1,7,825.12
CHILE,1981,1,7.5,585.12
CHILE,1983,1,7.3,656.24
CHILE,1985,3,7.366666667,12663.61333
CHILE,1986,1,5,1144.12
CHILE,1987,2,7.1,5340.98
CHILE,1988,1,6.7,825.12
CHILE,1995,2,7.35,1120.27492
CHILE,1996,1,6.9,825.12
CHILE,1997,1,7.1,141691.52
CHILE,2002,3,6.2,1936.32
CHILE,2003,1,6.8,933.12
CHILE,2004,2,6.25,825.12
CHILE,2005,2,6.75,3790.62
CHILE,2007,3,6.6,5129.24
CHILE,2010,2,7.85,1554915.06
CHILE,2011,1,6.8,825.12
CHILE,2012,3,6.733333333,839.12
CHILE,2014,4,7.4,4493.46
CHILE,2015,2,7.6,41123.56
IRAN,1008,1,6.5,160599
IRAN,1042,1,7.6,500599
IRAN,1101,1,6.5,600575.12
IRAN,1119,1,6.5,825.12
IRAN,1208,1,6.5,825.12
IRAN,1209,1,7.6,825.12
IRAN,1267,1,5.8,825.12
IRAN,1281,1,5.8,825.12
IRAN,1300,1,6.5,825.12
IRAN,1304,1,6.7,825.72
IRAN,1336,1,7.6,825.12
IRAN,1389,2,6.7,825.12
IRAN,1405,1,6.7,825.12
IRAN,1440,1,6.5,825.12
IRAN,1482,1,6.5,825.12
IRAN,1483,1,7.7,825.12
IRAN,1485,1,6.5,825.12
IRAN,1493,1,6.5,825.12
IRAN,1608,1,7.6,5553.48
IRAN,1640,1,5.1,825.12
IRAN,1673,1,6.6,61303.48
IRAN,1721,1,7.7,413874
IRAN,1779,1,6.5,825.12
IRAN,1780,1,7.7,513874
IRAN,1800,1,6.5,825.12
IRAN,1824,1,6.4,9678.48
IRAN,1825,1,6.7,10803.48
IRAN,1830,1,6.5,825.12
IRAN,1844,2,6.65,24588.74
IRAN,1852,1,5.8,825.12
IRAN,1854,1,4.5,1275.72
IRAN,1865,1,6,5553.48
IRAN,1871,1,5.6,825.12
IRAN,1872,1,6.3,825.12
IRAN,1879,2,6.7,17339.3
IRAN,1883,2,6,3452.1
IRAN,1890,1,7.2,7013.48
IRAN,1893,1,6.6,193874
IRAN,1895,1,6.8,123874
IRAN,1897,1,6.1,29874
IRAN,1898,1,4.3,825.12
IRAN,1903,1,6.5,825.12
IRAN,1909,1,7.7,550615.72
IRAN,1911,1,6.7,12303.48
IRAN,1913,1,5.8,685.12
IRAN,1923,4,6.125,1818.46
IRAN,1925,2,5.5,825.12
IRAN,1928,2,5.2,825.12
IRAN,1929,3,6.466666667,825.12
IRAN,1930,2,6.25,825.12
IRAN,1932,1,5.4,825.12
IRAN,1933,1,6.3,825.12
IRAN,1935,2,6.15,825.12
IRAN,1936,1,6.2,825.12
IRAN,1941,1,6.3,825.12
IRAN,1944,1,4.8,825.12
IRAN,1947,2,5.5,825.12
IRAN,1949,1,6.3,825.12
IRAN,1953,1,6.4,825.12
IRAN,1954,1,5,825.12
IRAN,1956,1,6.8,825.12
IRAN,1957,2,6.85,825.12
IRAN,1958,1,6.7,825.12
IRAN,1960,1,6,825.12
IRAN,1961,1,6.6,825.12
IRAN,1962,3,5.9,112685.1467
IRAN,1963,5,5.8,1758.24
IRAN,1965,2,5.55,825.12
IRAN,1968,5,5.96,76374.472
IRAN,1969,1,5.6,825.12
IRAN,1970,2,5.75,14563.32
IRAN,1971,5,5.28,825.12
IRAN,1972,3,5.566666667,109641.4133
IRAN,1973,2,5.35,825.12
IRAN,1974,1,5.4,825.12
IRAN,1975,2,5.55,825.12
IRAN,1976,1,6.2,825.12
IRAN,1977,5,5.78,5531.256
IRAN,1978,2,7,107798.86
IRAN,1979,4,6.725,3105.79
IRAN,1980,3,5.466666667,2379.72
IRAN,1981,2,6.9,36695.6
IRAN,1983,2,4.95,2749.2
IRAN,1985,1,5.3,14300.72
IRAN,1986,2,5.3,2106.72
IRAN,1987,1,4.6,795.12
IRAN,1988,2,5.9,825.12
IRAN,1989,4,5.375,1032.89
IRAN,1990,4,6.1,339655.248
IRAN,1991,2,5.2,2182.22
IRAN,1992,2,4.65,2679.72
IRAN,1993,3,5.2,825.12
IRAN,1994,3,6.033333333,4904.645333
IRAN,1997,4,6.425,108487.42
IRAN,1998,4,5.8,7642.36
IRAN,1999,3,6.033333333,4307.853333
IRAN,2000,1,5.3,2830.72
IRAN,2002,6,5.55,10558.34
IRAN,2003,5,5.56,122397.8096
IRAN,2004,6,5.316666667,1930.18
IRAN,2005,5,5.78,18808.616
IRAN,2006,5,5.44,4901.512
IRAN,2007,4,5,925.62
IRAN,2008,5,5.18,2604.792
IRAN,2009,1,5.1,2777.12
IRAN,2010,7,5.585714286,4923.017143
IRAN,2011,1,4.5,753.72
IRAN,2012,5,5.62,11555.416
IRAN,2013,4,6.425,8036.41
IRAN,2014,3,5.666666667,2903.786667
INDONESIA,1674,1,6.8,28731.48
INDONESIA,1711,1,7,388.12
INDONESIA,1754,1,6.5,1365.72
INDONESIA,1757,1,7.5,825.12
INDONESIA,1770,1,7,5553.48
INDONESIA,1797,1,8,8300.72
INDONESIA,1815,1,7,115105.12
INDONESIA,1818,2,7.75,3187.92
INDONESIA,1820,1,7.5,10300.72
INDONESIA,1823,1,6.8,825.12
INDONESIA,1833,1,8.3,825.72
INDONESIA,1836,1,7.5,1275.12
INDONESIA,1837,1,7.3,825.72
INDONESIA,1840,1,7,5553.48
INDONESIA,1841,1,6,5550.72
INDONESIA,1843,2,6.65,5814.3
INDONESIA,1845,1,7,6480.72
INDONESIA,1846,1,7.3,825.12
INDONESIA,1852,4,7.15,2207.21
INDONESIA,1854,1,6,825.12
INDONESIA,1857,1,7,1385.72
INDONESIA,1858,1,7.3,5553.48
INDONESIA,1859,3,7.033333333,975.32
INDONESIA,1861,5,7.16,4963.592
INDONESIA,1864,1,7.8,7803.48
INDONESIA,1876,1,6.8,3975.12
INDONESIA,1882,1,7.5,825.12
INDONESIA,1885,2,7.05,726.12
INDONESIA,1889,2,7,1050.42
INDONESIA,1891,1,7,825.12
INDONESIA,1892,1,7,825.12
INDONESIA,1896,1,6.8,825.12
INDONESIA,1897,1,5.5,825.12
INDONESIA,1899,1,7.8,27378.48
INDONESIA,1900,1,6.9,409.12
INDONESIA,1903,2,7.3,825.12
INDONESIA,1905,1,8.4,825.12
INDONESIA,1907,3,7.666666667,3651.24
INDONESIA,1908,3,7.2,825.12
INDONESIA,1909,1,7.6,10803.48
INDONESIA,1910,2,7.1,825.12
INDONESIA,1913,1,7.8,7080.72
INDONESIA,1914,2,7.85,5767.92
INDONESIA,1915,1,6,825.12
INDONESIA,1916,3,7.833333333,1771.24
INDONESIA,1917,2,7.2,8425.42
INDONESIA,1918,1,8.1,825.12
INDONESIA,1921,2,6.85,825.42
INDONESIA,1923,1,7.5,825.12
INDONESIA,1926,2,6.85,2925.42
INDONESIA,1927,1,6.3,6003.48
INDONESIA,1930,2,6.25,825.12
INDONESIA,1931,1,7.4,825.12
INDONESIA,1932,1,7.4,6461.48
INDONESIA,1933,1,7.5,825.72
INDONESIA,1935,2,7.2,1050.42
INDONESIA,1936,2,7.5,1285.72
INDONESIA,1937,1,7.2,16347.48
INDONESIA,1938,2,8.05,5335.1
INDONESIA,1939,1,8,5550.72
INDONESIA,1942,1,7.5,825.12
INDONESIA,1943,3,7.766666667,12525.57333
INDONESIA,1944,1,7.5,825.12
INDONESIA,1948,2,7.05,825.12
INDONESIA,1949,1,6.7,825.12
INDONESIA,1950,3,7.4,3482.906667
INDONESIA,1954,1,6.8,1125.12
INDONESIA,1956,1,7.5,825.12
INDONESIA,1957,3,6.933333333,826.24
INDONESIA,1958,2,6.7,8922.42
INDONESIA,1961,1,6.5,443.72
INDONESIA,1963,3,6.966666667,825.12
INDONESIA,1964,2,6.1,3112.6
INDONESIA,1965,1,7.6,28060.72
INDONESIA,1967,3,6.133333333,23924.22667
INDONESIA,1968,3,7.566666667,3822.573333
INDONESIA,1969,3,7.533333333,6934.24
INDONESIA,1971,3,6.8,3499.973333
INDONESIA,1972,1,7.8,825.12
INDONESIA,1975,2,5.75,900.72
INDONESIA,1976,3,6.9,35558.46667
INDONESIA,1977,3,6.4,1505.176
INDONESIA,1979,7,6.328571429,6513.393714
INDONESIA,1980,1,5.8,825.72
INDONESIA,1981,1,6.7,4026.2
INDONESIA,1982,5,5.76,4702.6296
INDONESIA,1983,4,6.3,806.95
INDONESIA,1984,2,5.9,5093.18
INDONESIA,1985,3,6.533333333,877.52
INDONESIA,1986,1,5,644.48
INDONESIA,1987,2,6.55,3722.22
INDONESIA,1989,4,5.9,825.27
INDONESIA,1990,3,6.4,33955.82133
INDONESIA,1991,2,7,10954.164
INDONESIA,1992,2,6.1,169862.24
INDONESIA,1994,7,6.814285714,14831.17746
INDONESIA,1995,3,6.866666667,58756.74667
INDONESIA,1996,2,8.05,27453.148
INDONESIA,1997,3,6.3,4992.034667
INDONESIA,1998,2,7.15,5694.06
INDONESIA,1999,1,6.5,18835.936
INDONESIA,2000,4,6.9,29359.27
INDONESIA,2001,1,7.5,825.12
INDONESIA,2002,4,6.875,7312.2
INDONESIA,2003,6,5.75,2163.586667
INDONESIA,2004,12,6.6,208297.2933
INDONESIA,2005,7,6.328571429,3386.702857
INDONESIA,2006,10,6.23,155165.872
INDONESIA,2007,9,6.888888889,102808.4889
INDONESIA,2008,6,6.433333333,1856.446667
INDONESIA,2009,9,6.911111111,163753.7804
INDONESIA,2010,5,6.98,7309.64
INDONESIA,2011,2,6.4,1081.42
INDONESIA,2012,5,7.08,2825.896
INDONESIA,2013,5,5.66,53384.864
INDONESIA,2014,2,6.6,975.12
INDONESIA,2015,2,6.8,1529.92
INDONESIA,2016,4,6.375,2691.77
TURKEY,1003,1,4.2,825.12
TURKEY,1039,1,6.8,6525.72
TURKEY,1046,1,5.5,825.12
TURKEY,1231,1,6.9,825.12
TURKEY,1344,1,6.9,10803.48
TURKEY,1482,1,7.5,825.12
TURKEY,1509,1,7.7,145474
TURKEY,1653,1,7.5,825.12
TURKEY,1667,1,6.6,825.12
TURKEY,1668,1,6.6,825.12
TURKEY,1679,1,5.9,825.12
TURKEY,1688,1,7,165303.48
TURKEY,1715,1,6.6,10803.48
TURKEY,1840,1,6.7,24364
TURKEY,1852,1,7.3,825.12
TURKEY,1855,2,6.7,825.12
TURKEY,1857,1,6.7,5553.48
TURKEY,1859,1,6.1,825.12
TURKEY,1862,1,6.1,825.12
TURKEY,1863,1,6.7,595.12
TURKEY,1868,1,6.7,825.12
TURKEY,1872,1,7.3,26453.48
TURKEY,1874,1,6.1,825.12
TURKEY,1875,2,6.7,11599.56
TURKEY,1878,1,6.7,9500.72
TURKEY,1880,3,6.1,930.32
TURKEY,1881,1,6.1,825.12
TURKEY,1883,1,7.3,182774
TURKEY,1888,1,6.1,825.12
TURKEY,1893,1,6.7,4578.48
TURKEY,1899,2,6.15,44141.3
TURKEY,1900,1,5.9,825.12
TURKEY,1901,2,6,825.12
TURKEY,1902,2,6.05,825.12
TURKEY,1903,2,6.05,78299.56
TURKEY,1905,2,6.65,825.12
TURKEY,1909,3,5.966666667,825.12
TURKEY,1910,1,6.1,825.12
TURKEY,1912,1,7.8,92634
TURKEY,1914,2,6.3,99799.56
TURKEY,1916,1,7.8,825.12
TURKEY,1924,2,6.05,5085.72
TURKEY,1925,2,5.85,10672.8
TURKEY,1926,1,5.7,825.12
TURKEY,1928,2,5.4,17424.56
TURKEY,1929,1,6.5,825.12
TURKEY,1935,2,6.15,825.12
TURKEY,1938,1,6.7,825.12
TURKEY,1939,4,6.35,85832.54
TURKEY,1940,1,6,825.12
TURKEY,1941,2,5.95,825.12
TURKEY,1942,2,6.7,825.12
TURKEY,1943,3,6.8,147341.4133
TURKEY,1944,3,6.733333333,17274.74667
TURKEY,1945,1,6,825.12
TURKEY,1946,2,5.75,825.12
TURKEY,1949,1,6.8,825.12
TURKEY,1951,1,6.7,825.12
TURKEY,1952,2,5.5,825.12
TURKEY,1953,1,7.5,11275.8568
TURKEY,1955,1,6.8,825.12
TURKEY,1956,1,5.8,825.12
TURKEY,1957,3,7.033333333,825.12
TURKEY,1959,2,6.25,825.12
TURKEY,1961,1,6.5,825.12
TURKEY,1962,1,5.5,825.12
TURKEY,1963,1,6.1,1651.72
TURKEY,1964,2,6.55,825.12
TURKEY,1966,4,5.55,783.46
TURKEY,1967,2,6.75,825.12
TURKEY,1968,2,5.85,10409.3
TURKEY,1969,3,5.733333333,825.12
TURKEY,1970,3,6,43882.39467
TURKEY,1971,2,6.3,825.12
TURKEY,1974,1,5.2,555.12
TURKEY,1975,2,6.7,25643.12
TURKEY,1976,4,5.625,825.12
TURKEY,1977,1,4.9,825.12
TURKEY,1978,1,4.5,825.12
TURKEY,1979,1,4.9,2400.72
TURKEY,1983,2,6.5,18422.86
TURKEY,1984,2,5.85,675475.48
TURKEY,1985,1,4.2,1529.72
TURKEY,1986,3,5.166666667,13077.68
TURKEY,1989,1,4.4,825.12
TURKEY,1990,1,5.1,3033.72
TURKEY,1991,2,4.5,767.12
TURKEY,1992,1,6.9,71277
TURKEY,1995,1,6.4,49833.392
TURKEY,1998,1,6.3,29032
TURKEY,1999,6,6.2,179209.5133
TURKEY,2000,3,5.366666667,10411.77333
TURKEY,2001,1,5.5,1911.12
TURKEY,2002,1,6.5,6941.72
TURKEY,2003,5,5.62,6638.912
TURKEY,2004,7,5.285714286,754.9771429
TURKEY,2005,7,5.314285714,853.9714286
TURKEY,2006,1,4.1,825.12
TURKEY,2007,4,5.525,5705.21
TURKEY,2008,1,4.1,825.12
TURKEY,2010,1,6.1,8093.72
TURKEY,2011,3,5.7,36959.08
TURKEY,2012,2,5.7,891.12
ECUADOR,1556,1,7.6,825.12
ECUADOR,1575,1,7.8,825.12
ECUADOR,1641,1,7.6,825.12
ECUADOR,1645,1,7.5,825.12
ECUADOR,1660,1,7.7,825.12
ECUADOR,1674,1,7.7,825.12
ECUADOR,1687,1,7.3,825.12
ECUADOR,1689,1,6.8,825.12
ECUADOR,1698,1,7.7,825.12
ECUADOR,1755,1,7,825.12
ECUADOR,1757,1,7,825.12
ECUADOR,1797,1,8.3,413874
ECUADOR,1868,2,7.85,359713.74
ECUADOR,1901,1,7.8,825.12
ECUADOR,1904,1,7.7,825.12
ECUADOR,1906,2,8.25,8064.3
ECUADOR,1913,1,7.7,10803.48
ECUADOR,1914,1,5.8,825.12
ECUADOR,1923,1,6.8,825.12
ECUADOR,1924,1,6.9,825.12
ECUADOR,1933,1,6.9,825.12
ECUADOR,1938,1,6.3,825.12
ECUADOR,1942,1,7.9,7300.6
ECUADOR,1943,1,6.9,3975.72
ECUADOR,1949,2,6.75,825.12
ECUADOR,1950,1,6.8,825.12
ECUADOR,1956,1,7.3,825.12
ECUADOR,1969,1,4.2,825.12
ECUADOR,1976,1,6.7,825.12
ECUADOR,1980,1,5.6,1256.2
ECUADOR,1987,2,6.7,28075.86
ECUADOR,1989,1,6.1,825.12
ECUADOR,1990,1,4.4,8148.48
ECUADOR,1995,1,7,957.12
ECUADOR,1996,1,5.9,825.12
ECUADOR,1998,1,7.2,1025.72
ECUADOR,2005,2,5.45,1050.42
ECUADOR,2007,2,5.65,825.12
ECUADOR,2009,1,5.4,825.12
ECUADOR,2010,1,7.1,825.12
ECUADOR,2011,1,4,1125.12
ECUADOR,2014,1,5.1,459.12
ECUADOR,2016,2,7.3,69010.12
YEMEN,1941,1,5.9,25900.12
YEMEN,1982,1,6,54130
YEMEN,1991,1,4.7,1105.72
TAIWAN,1661,1,6,6129.12
TAIWAN,1694,1,5.5,825.12
TAIWAN,1720,1,5.5,6075.12
TAIWAN,1721,1,6,10803.48
TAIWAN,1736,1,6,8050.72
TAIWAN,1776,1,5.5,6525.72
TAIWAN,1792,1,6.8,140130.48
TAIWAN,1811,1,7,753.72
TAIWAN,1815,1,6.5,6413.48
TAIWAN,1839,1,6.5,64995.48
TAIWAN,1845,1,6,44353.48
TAIWAN,1848,1,6.8,193084
TAIWAN,1862,1,6.5,25303.48
TAIWAN,1867,1,7,18450.72
TAIWAN,1881,2,5.5,3593.22
TAIWAN,1882,1,6.3,614.12
TAIWAN,1884,1,5.3,5550.72
TAIWAN,1897,1,6,1960.12
TAIWAN,1904,2,6.15,4834.22
TAIWAN,1906,2,6.65,45967.98
TAIWAN,1909,2,7.3,1131.12
TAIWAN,1910,1,7.8,1067.12
TAIWAN,1916,2,6.25,4434.92
TAIWAN,1917,3,6.6,1396.786667
TAIWAN,1920,1,8,2817.72
TAIWAN,1922,1,7.6,1507.72
TAIWAN,1927,1,6.8,3770.72
TAIWAN,1930,2,5.9,2576.72
TAIWAN,1934,1,6.5,434.12
TAIWAN,1935,4,6.075,159421.56
TAIWAN,1936,1,7.2,615.12
TAIWAN,1937,1,7,453.12
TAIWAN,1938,1,7,717.12
TAIWAN,1941,1,7.1,19452.72
TAIWAN,1946,1,6.8,10102.72
TAIWAN,1951,2,7.4,14750.92
TAIWAN,1957,1,7.2,4885.72
TAIWAN,1959,2,7.25,3181.3
TAIWAN,1963,1,7.3,1119.72
TAIWAN,1964,1,7,32055.48
TAIWAN,1966,1,8,975.72
TAIWAN,1967,1,7,577.72
TAIWAN,1972,4,7.425,639.77
TAIWAN,1978,2,7.2,622.12
TAIWAN,1986,2,7.1,651.12
TAIWAN,1988,1,5.7,393.12
TAIWAN,1990,2,6.25,622.12
TAIWAN,1994,2,6.45,838.42
TAIWAN,1998,2,6.6,733.12
TAIWAN,1999,3,6.7,197102.4362
TAIWAN,2000,2,5.9,596.12
TAIWAN,2001,1,6.8,825.12
TAIWAN,2002,1,7.1,2700.72
TAIWAN,2003,1,6.8,633.12
TAIWAN,2004,2,5.9,814.12
TAIWAN,2006,2,6.6,1288.12
TAIWAN,2009,1,6.4,737.12
TAIWAN,2010,1,6.3,3523
TAIWAN,2012,1,5.9,825.12
TAIWAN,2013,2,6.15,2403.19536
TAIWAN,2015,1,6.4,249.12
TAIWAN,2016,1,6.4,5738.48
EGYPT,1879,1,5.9,825.12
EGYPT,1955,1,6.3,694.48
EGYPT,1969,1,7,1264.48
EGYPT,1981,1,5.3,699.12
EGYPT,1992,1,5.3,142134
EGYPT,1995,1,7.2,1095.72
EGYPT,2002,1,4.4,939.12
KYRGYZSTAN,1475,1,6.4,825.12
KYRGYZSTAN,1885,1,6.9,825.12
KYRGYZSTAN,1946,1,7.6,825.12
KYRGYZSTAN,1990,1,4.6,7338.48
KYRGYZSTAN,1992,2,6.85,74339.32
KYRGYZSTAN,1997,1,5.8,825.12
KYRGYZSTAN,2002,1,5.5,825.12
KYRGYZSTAN,2006,1,5.8,22290.72
KYRGYZSTAN,2007,1,6,2283.72
KYRGYZSTAN,2008,2,6.1,25877.1
PERU,1471,1,8,825.12
PERU,1513,1,8.7,825.12
PERU,1552,1,7.6,825.12
PERU,1555,1,8.4,825.12
PERU,1581,1,6.4,825.12
PERU,1582,2,8,12189.3
PERU,1584,1,8.4,825.12
PERU,1586,1,8.5,5523.48
PERU,1587,1,6.2,825.72
PERU,1590,1,7.7,1275.72
PERU,1600,2,8,825.12
PERU,1604,1,8.5,7043.48
PERU,1609,1,8.6,825.12
PERU,1619,1,8.6,4078.48
PERU,1630,1,8.1,825.12
PERU,1650,1,8.1,825.12
PERU,1655,1,7.7,5550.72
PERU,1664,1,7.3,825.12
PERU,1678,1,8.4,10803.48
PERU,1687,1,8.5,50578.48
PERU,1699,1,7.8,825.12
PERU,1707,1,5.8,825.12
PERU,1715,1,7.5,825.12
PERU,1716,2,8.7,825.12
PERU,1725,2,7.65,10564.3
PERU,1746,1,8,64734
PERU,1784,1,8,9133.48
PERU,1806,1,7.5,825.12
PERU,1828,1,8.3,5375.72
PERU,1846,1,7.8,825.12
PERU,1872,1,6.5,825.12
PERU,1897,1,7.7,825.12
PERU,1906,1,7.9,825.12
PERU,1907,1,7.6,825.12
PERU,1908,1,8.2,825.12
PERU,1912,1,7,15003.48
PERU,1913,3,7.066666667,5610.693333
PERU,1914,1,7.2,825.12
PERU,1915,1,7.6,825.12
PERU,1921,1,7.6,825.12
PERU,1922,3,7.4,4175.52
PERU,1928,4,7,1969.71
PERU,1932,1,6.8,825.12
PERU,1937,1,6.2,825.12
PERU,1940,1,8.2,34893.48
PERU,1942,1,8.2,5603.48
PERU,1943,1,5,2725.12
PERU,1946,2,7.15,2400.42
PERU,1947,1,7.3,825.12
PERU,1948,2,6.95,825.12
PERU,1950,3,6.966666667,870.6533333
PERU,1951,1,7.9,825.12
PERU,1952,1,7.5,825.12
PERU,1953,2,6.45,1497.92
PERU,1958,2,7.4,825.12
PERU,1959,1,7.4,825.12
PERU,1960,3,7.166666667,3069.910667
PERU,1961,1,7.5,825.12
PERU,1962,1,6.3,825.12
PERU,1963,2,7.35,855.42
PERU,1966,1,8.1,25483.4
PERU,1967,1,7,825.12
PERU,1968,1,7,825.12
PERU,1969,2,6.05,825.12
PERU,1970,4,7,270893.21
PERU,1971,2,6,825.12
PERU,1972,1,6.1,825.12
PERU,1974,2,7.2,15036.44
PERU,1979,1,6.9,1155.72
PERU,1980,1,4.9,645.24
PERU,1981,2,5,825.96
PERU,1982,1,6.1,606.2
PERU,1983,1,6.5,825.12
PERU,1985,1,6.1,1740.72
PERU,1986,2,4.95,10288
PERU,1987,2,5.75,2863.3
PERU,1990,2,5.7,33950.68
PERU,1991,3,5.933333333,19352.77333
PERU,1993,1,6.3,825.12
PERU,1996,2,7.6,14856.06
PERU,1999,2,5.6,5709.6
PERU,2001,4,7.1,65812.79
PERU,2005,3,6.066666667,3196.986667
PERU,2006,1,6.7,825.12
PERU,2007,1,8,371334
PERU,2008,3,5.666666667,879.4533333
PERU,2009,1,4.6,3900.72
PERU,2010,1,6.2,1013.72
PERU,2011,1,6.9,2190.72
PERU,2012,1,6.4,1577.12
PERU,2013,2,6.15,990.12
PERU,2014,1,4.9,945.12
PERU,2015,2,7.6,825.12
PERU,2016,1,5.4,14523.12
NEW ZEALAND,1826,1,8,825.12
NEW ZEALAND,1843,1,7.5,825.12
NEW ZEALAND,1848,3,6.633333333,1001.786667
NEW ZEALAND,1855,2,6.75,3187.92
NEW ZEALAND,1868,1,7.6,825.12
NEW ZEALAND,1880,1,7,825.12
NEW ZEALAND,1888,1,7.3,825.12
NEW ZEALAND,1891,1,6.2,825.12
NEW ZEALAND,1895,1,6,825.12
NEW ZEALAND,1904,1,7.5,825.12
NEW ZEALAND,1913,1,6.8,825.12
NEW ZEALAND,1922,1,6.3,825.12
NEW ZEALAND,1929,1,7.5,5470.72
NEW ZEALAND,1931,2,7.4,3490.06
NEW ZEALAND,1932,1,6.8,1115.72
NEW ZEALAND,1934,1,7.5,825.12
NEW ZEALAND,1947,2,7,825.12
NEW ZEALAND,1950,1,5.8,825.12
NEW ZEALAND,1956,1,5.3,825.12
NEW ZEALAND,1968,1,7.1,825.12
NEW ZEALAND,1970,1,5.1,825.12
NEW ZEALAND,1973,1,5.1,825.12
NEW ZEALAND,1979,1,7.5,825.12
NEW ZEALAND,1980,1,5.6,825.12
NEW ZEALAND,1981,1,7.6,825.12
NEW ZEALAND,1987,1,6.6,635.4
NEW ZEALAND,1990,1,6.3,825.72
NEW ZEALAND,1991,1,5.6,3975.72
NEW ZEALAND,1994,1,6.8,825.12
NEW ZEALAND,1995,1,7.1,825.12
NEW ZEALAND,2003,2,6,825.12
NEW ZEALAND,2004,2,6.25,553.42
NEW ZEALAND,2005,1,5.3,825.12
NEW ZEALAND,2007,3,6.933333333,679.12
NEW ZEALAND,2008,1,5.5,825.12
NEW ZEALAND,2009,1,7.8,825.12
NEW ZEALAND,2010,5,5.32,1724.296
NEW ZEALAND,2011,4,5.8,230482.56
NEW ZEALAND,2013,2,6.5,925.12
NEW ZEALAND,2014,2,6.55,825.12
NEW ZEALAND,2016,2,7.45,602.42
SPAIN,1884,1,6.7,96761
SPAIN,1930,1,5.6,825.12
SPAIN,1954,1,7,825.12
SPAIN,1978,1,4.4,825.12
SPAIN,1999,1,4.8,3945.56096
SPAIN,2005,1,4.4,825.72
SPAIN,2011,1,5.1,4875.12
TANZANIA,1964,1,6,540.48
TANZANIA,2000,1,6.5,1261.12
TANZANIA,2002,1,5.5,10630.72
TANZANIA,2016,1,5.9,49291.48
ISRAEL,1160,1,6.1,825.12
ISRAEL,1546,1,7,20303.48
ISRAEL,1759,1,6.4,825.72
ISRAEL,1837,1,6.4,63874
ISRAEL,1903,1,5.7,825.12
ISRAEL,1927,1,6.3,3258.48
NICARAGUA,1898,1,7.9,825.72
NICARAGUA,1901,1,7,825.12
NICARAGUA,1916,1,7.5,825.12
NICARAGUA,1922,1,6.4,828.48
NICARAGUA,1925,1,6.7,825.12
NICARAGUA,1926,1,7,825.12
NICARAGUA,1931,1,5.6,825.12
NICARAGUA,1932,1,7.6,825.12
NICARAGUA,1951,2,5.75,5928.48
NICARAGUA,1955,1,6.2,825.12
NICARAGUA,1956,1,7.3,825.12
NICARAGUA,1963,1,5.5,825.12
NICARAGUA,1968,1,4.6,825.48
NICARAGUA,1972,1,6.2,261087.32
NICARAGUA,1985,1,6,673.12
NICARAGUA,1992,1,7.7,19269.2
NICARAGUA,2000,1,5.4,10402.48
NICARAGUA,2004,1,5.6,825.12
NICARAGUA,2009,1,4.4,537.72
NICARAGUA,2014,2,5.6,4453.8
NICARAGUA,2016,1,7,825.12
MALAWI,1989,1,6.1,1271.72
MALAWI,2006,1,3.8,825.12
MALAWI,2009,2,5.95,25890.48
GREECE,1481,1,7.1,6078.48
GREECE,1494,1,7.2,1275.72
GREECE,1629,1,7,10803.48
GREECE,1633,1,6.9,10803.48
GREECE,1636,1,7.2,10503.48
GREECE,1688,1,7.5,825.12
GREECE,1714,1,6.3,5550.72
GREECE,1723,1,7,5550.72
GREECE,1738,1,6.5,1275.72
GREECE,1743,1,6.9,825.12
GREECE,1748,1,6.8,10803.48
GREECE,1791,1,7,6243.48
GREECE,1817,1,6.8,825.12
GREECE,1820,1,6.9,1141.12
GREECE,1825,1,6.8,5883.48
GREECE,1856,1,6.6,6050.72
GREECE,1861,1,7.5,825.12
GREECE,1863,1,6.7,23103.48
GREECE,1866,2,6.05,946.92
GREECE,1867,3,7.333333333,1141.986667
GREECE,1869,1,7.5,5553.48
GREECE,1870,2,7.25,3562.92
GREECE,1881,1,7.3,92534
GREECE,1886,1,7.5,825.12
GREECE,1889,1,6.9,825.12
GREECE,1893,3,6.433333333,7169.226667
GREECE,1894,3,6.633333333,3494.226667
GREECE,1895,1,7.5,1328.48
GREECE,1898,1,6.2,825.72
GREECE,1899,1,6.6,825.12
GREECE,1903,1,7.8,598.48
GREECE,1904,1,6.2,5253.48
GREECE,1905,1,7.8,825.12
GREECE,1909,1,5.7,825.12
GREECE,1911,1,6.7,825.12
GREECE,1912,1,7,825.12
GREECE,1914,2,6.15,3284.3
GREECE,1915,1,6.7,5853.48
GREECE,1926,1,7.9,1328.48
GREECE,1927,1,7.3,825.12
GREECE,1928,3,5.4,9741.413333
GREECE,1930,1,6.7,825.12
GREECE,1931,2,6.1,825.12
GREECE,1932,2,6.55,32036.56
GREECE,1933,1,6.4,825.12
GREECE,1935,1,6.7,825.12
GREECE,1944,1,5.7,825.12
GREECE,1947,1,6.9,63364
GREECE,1948,3,6.666666667,5452.786667
GREECE,1949,1,6.7,41386
GREECE,1953,2,7,137506.06
GREECE,1954,2,7,825.12
GREECE,1955,2,6.1,28182.06
GREECE,1956,3,6.766666667,929.5733333
GREECE,1957,1,7,4795.72
GREECE,1960,1,6.5,825.12
GREECE,1962,3,5.6,825.12
GREECE,1965,4,6.475,3949.56
GREECE,1966,3,5.966666667,4150.6
GREECE,1967,2,5.95,825.12
GREECE,1968,1,7.2,16550.144
GREECE,1972,2,6.15,825.12
GREECE,1973,2,5.55,825.12
GREECE,1975,1,5.5,468.48
GREECE,1978,2,6,3080.06
GREECE,1979,2,5.4,618.8
GREECE,1980,2,5.2,2805.66
GREECE,1981,4,6.55,19692.11
GREECE,1983,3,6.8,1182.32
GREECE,1984,2,4.95,3093.3
GREECE,1985,1,5.5,663.12
GREECE,1986,2,5.3,8585.62
GREECE,1988,1,5.8,825.12
GREECE,1990,1,5.9,1165.12
GREECE,1993,1,5.6,825.12
GREECE,1995,2,6.55,54990.7
GREECE,1997,1,6.6,825.12
GREECE,1999,1,6,492388
GREECE,2000,1,5.5,825.12
GREECE,2001,1,6.5,1275.12
GREECE,2002,1,5.7,1058.72
GREECE,2003,2,5.75,1150.42
GREECE,2004,2,5.2,825.12
GREECE,2006,2,6.1,737.12
GREECE,2007,1,5.8,825.12
GREECE,2008,1,6.3,12497.48
GREECE,2013,2,5.75,1066.92
GREECE,2014,3,6.366666667,1693.946667
GREECE,2015,1,6.5,511.72
VENEZUELA,1530,1,8,825.12
VENEZUELA,1610,1,7.9,825.12
VENEZUELA,1766,1,7.5,825.12
VENEZUELA,1812,1,7.7,260578.48
VENEZUELA,1849,1,6,825.12
VENEZUELA,1853,1,6.7,15303.48
VENEZUELA,1874,1,5.9,825.12
VENEZUELA,1878,1,5.9,4578.48
VENEZUELA,1894,1,8.2,825.12
VENEZUELA,1900,1,8.4,825.12
VENEZUELA,1929,1,6.9,825.12
VENEZUELA,1950,1,6.8,825.12
VENEZUELA,1966,1,5,825.12
VENEZUELA,1967,1,6.5,15696.6
VENEZUELA,1968,1,6.2,825.12
VENEZUELA,1974,1,6.1,825.12
VENEZUELA,1975,1,6.1,825.12
VENEZUELA,1986,2,5.55,692.68
VENEZUELA,1989,1,5.2,825.12
VENEZUELA,1991,1,5.2,1275.72
VENEZUELA,1997,1,7,5380.44
VENEZUELA,2008,1,5.2,975.12
VENEZUELA,2009,2,5.85,773.12
VENEZUELA,2010,1,5.5,581.12
VENEZUELA,2015,1,5.3,1005.12
GUADELOUPE,1843,1,8.3,50599
GUADELOUPE,1969,1,7.2,825.12
GUADELOUPE,1985,1,6.3,673.12
GUADELOUPE,2004,1,6.3,5206.72
GUADELOUPE,2005,1,5.8,825.12
LIBYA,1963,1,5.4,11101.2
TAJIKISTAN,1907,1,7.4,125303.48
TAJIKISTAN,1911,1,7.4,6203.48
TAJIKISTAN,1930,1,6.3,825.12
TAJIKISTAN,1949,1,7.4,48874
TAJIKISTAN,1977,1,5.9,825.12
TAJIKISTAN,1980,1,5.2,825.12
TAJIKISTAN,1983,1,5.2,828.48
TAJIKISTAN,1984,1,6.1,1275.72
TAJIKISTAN,1985,1,5.9,6078
TAJIKISTAN,1988,1,5,825.12
TAJIKISTAN,1989,1,5.3,825.12
TAJIKISTAN,1990,1,6.3,825.12
TAJIKISTAN,2002,3,5.366666667,2691.653333
TAJIKISTAN,2006,2,5.15,3823.12
TAJIKISTAN,2007,1,5.2,695.12
TAJIKISTAN,2010,1,5.1,7332.36
TAJIKISTAN,2012,1,5.7,5310.72
TAJIKISTAN,2015,1,7.2,9073.48
TAJIKISTAN,2016,1,5.4,879.12
CROATIA,1667,1,7.2,63874
CROATIA,1942,1,6,825.12
CROATIA,1962,2,5.9,825.12
CROATIA,1964,1,6,825.12
CROATIA,1970,1,5.5,689.72
CROATIA,1996,1,6,825.12
AFGHANISTAN,1102,1,6.1,825.12
AFGHANISTAN,1896,1,7.5,825.12
AFGHANISTAN,1908,1,7,825.12
AFGHANISTAN,1909,1,8.1,825.12
AFGHANISTAN,1911,1,7.6,825.12
AFGHANISTAN,1921,1,7.8,825.12
AFGHANISTAN,1922,1,7.5,825.12
AFGHANISTAN,1929,1,7.1,825.12
AFGHANISTAN,1937,1,7.2,828.48
AFGHANISTAN,1939,1,6.9,825.12
AFGHANISTAN,1949,1,7.5,825.72
AFGHANISTAN,1956,1,7.6,825.12
AFGHANISTAN,1965,1,7.3,825.12
AFGHANISTAN,1972,1,6.1,825.12
AFGHANISTAN,1976,2,5.8,825.12
AFGHANISTAN,1982,1,6.6,29375.24
AFGHANISTAN,1983,1,7.2,4499.72
AFGHANISTAN,1984,1,5.8,666.2
AFGHANISTAN,1985,1,6.6,729.48
AFGHANISTAN,1990,2,5.8,1745.12
AFGHANISTAN,1991,3,5.2,13230.74667
AFGHANISTAN,1994,1,6.1,1905.12
AFGHANISTAN,1997,1,6.4,825.12
AFGHANISTAN,1998,3,6.3,58672.37333
AFGHANISTAN,1999,1,6,67853.48
AFGHANISTAN,2000,1,5.1,5475.72
AFGHANISTAN,2001,1,5,1025.12
AFGHANISTAN,2002,3,6.333333333,11154.2
AFGHANISTAN,2004,3,5.433333333,2488.106667
AFGHANISTAN,2005,1,6.5,1108.12
AFGHANISTAN,2008,1,5.8,825.12
AFGHANISTAN,2009,2,5.75,1586.92
AFGHANISTAN,2010,1,5.6,18844
AFGHANISTAN,2012,1,5.8,5699.72
AFGHANISTAN,2013,1,5.5,5589.72
AFGHANISTAN,2015,2,6.9,26962.3
AFGHANISTAN,2016,1,6.6,445.12
KAZAKHSTAN,1887,1,7.3,825.12
KAZAKHSTAN,1889,1,8.3,825.12
KAZAKHSTAN,1911,1,7.7,5078.48
KAZAKHSTAN,1970,1,6.6,45603.48
KAZAKHSTAN,1978,1,7.1,825.12
KAZAKHSTAN,1990,3,5.8,11051.10667
KAZAKHSTAN,2009,1,5.4,885.12
COLOMBIA,1566,1,7.8,825.12
COLOMBIA,1644,1,7,825.12
COLOMBIA,1735,1,4.5,5553.48
COLOMBIA,1799,1,5,828.48
COLOMBIA,1826,1,8.2,825.12
COLOMBIA,1827,1,7,3078.48
COLOMBIA,1834,1,7,825.12
COLOMBIA,1875,1,7.5,15313.48
COLOMBIA,1883,1,6,825.12
COLOMBIA,1900,1,7.9,825.12
COLOMBIA,1903,1,7.7,825.12
COLOMBIA,1904,1,7.9,825.12
COLOMBIA,1906,3,7.7,825.12
COLOMBIA,1917,1,7.3,1005.12
COLOMBIA,1922,1,7.6,825.12
COLOMBIA,1923,1,5.3,825.12
COLOMBIA,1936,1,7,825.12
COLOMBIA,1942,1,5.8,825.72
COLOMBIA,1955,1,6,825.12
COLOMBIA,1958,1,7.6,2343.72
COLOMBIA,1961,2,6.7,825.12
COLOMBIA,1962,1,6.8,6398.48
COLOMBIA,1966,1,5.2,825.12
COLOMBIA,1967,2,6.8,825.12
COLOMBIA,1970,1,6.6,1352.096
COLOMBIA,1973,1,6.5,585.72
COLOMBIA,1974,2,6.15,825.12
COLOMBIA,1977,1,6.5,825.12
COLOMBIA,1979,2,7.05,131025.86
COLOMBIA,1980,1,5,958.72
COLOMBIA,1981,1,5.4,4926.2
COLOMBIA,1983,1,4.9,13573.616
COLOMBIA,1991,1,6.4,613.72
COLOMBIA,1992,2,7.2,3458.22
COLOMBIA,1994,1,6.8,8650.576
COLOMBIA,1995,2,6.45,13608.86
COLOMBIA,1999,1,6.2,68845.76784
COLOMBIA,2004,1,7.2,1869.48
COLOMBIA,2007,2,5.9,654.12
COLOMBIA,2008,1,5.6,935.12
COLOMBIA,2013,1,7,12670.72
ARGENTINA,1692,1,7,825.12
ARGENTINA,1894,1,7.5,825.12
ARGENTINA,1912,1,7.5,825.12
ARGENTINA,1916,1,7.5,825.12
ARGENTINA,1920,1,6,9303.48
ARGENTINA,1930,1,6,9893.48
ARGENTINA,1944,1,7.8,825.12
ARGENTINA,1974,1,5.9,825.12
ARGENTINA,1977,1,7.4,3494.2
ARGENTINA,1985,1,6.9,110115.2
ARGENTINA,2002,1,6,4126.72
ARGENTINA,2004,1,6.1,1435.12
ARGENTINA,2006,1,5.6,825.12
ARGENTINA,2008,1,4.1,825.12
ARGENTINA,2010,1,6.3,411.12
ARGENTINA,2015,1,5.8,395.12
MACEDONIA,1963,1,6,50990
MACEDONIA,1979,1,6.2,1145.12
MACEDONIA,1982,1,5.5,482.2
MACEDONIA,1983,1,4.7,695.12
MACEDONIA,1985,1,5,5028.72
MACEDONIA,2009,1,5.3,3975.72
MACEDONIA,2016,1,5.3,865.12
IRAQ,1310,1,5.5,10803.48
IRAQ,1864,1,6.4,2250.72
IRAQ,1991,1,5.1,5650.72
MEXICO,1787,2,7.8,3119.6
MEXICO,1806,1,7.5,6075.12
MEXICO,1818,1,7.5,825.12
MEXICO,1820,1,7.6,828.48
MEXICO,1834,1,7,1275.12
MEXICO,1837,3,7,825.12
MEXICO,1845,1,8,1125.72
MEXICO,1852,1,7,825.12
MEXICO,1870,1,7.9,5503.48
MEXICO,1875,1,7.5,825.12
MEXICO,1878,1,4.3,825.12
MEXICO,1887,1,8,9943.48
MEXICO,1897,2,7,1050.42
MEXICO,1899,1,8.4,825.12
MEXICO,1900,2,7.6,825.12
MEXICO,1902,3,7.533333333,688.44
MEXICO,1903,1,7.7,825.12
MEXICO,1906,1,7.5,825.12
MEXICO,1907,2,8,3102.92
MEXICO,1908,2,7.8,825.42
MEXICO,1909,2,6.25,3189.3
MEXICO,1910,1,6.9,825.12
MEXICO,1911,2,7.75,913.12
MEXICO,1912,1,7.8,825.12
MEXICO,1914,1,7.5,825.12
MEXICO,1917,1,7.7,825.12
MEXICO,1920,1,7.8,8191.72
MEXICO,1921,1,7.7,825.12
MEXICO,1925,1,7,825.72
MEXICO,1928,5,7.7,783.24
MEXICO,1931,1,7.9,825.12
MEXICO,1932,3,7.633333333,5847.56
MEXICO,1934,1,7,828.48
MEXICO,1937,2,7.6,825.12
MEXICO,1941,1,7.9,825.12
MEXICO,1943,1,7.5,825.12
MEXICO,1948,1,6.9,586.48
MEXICO,1950,2,7.15,826.8
MEXICO,1951,1,6.2,825.12
MEXICO,1954,1,6.2,825.12
MEXICO,1956,1,6.5,5028.48
MEXICO,1957,1,7.9,10156
MEXICO,1959,2,6.85,3889.3
MEXICO,1962,2,7.1,3124.72
MEXICO,1964,1,7.4,825.12
MEXICO,1965,1,7.8,635.12
MEXICO,1968,2,6.6,825.12
MEXICO,1973,2,6.85,2665.42
MEXICO,1976,1,6.4,825.12
MEXICO,1978,2,7.15,2845.42
MEXICO,1979,1,7.6,2287.2
MEXICO,1980,2,6.4,6843.46
MEXICO,1981,1,7.3,825.12
MEXICO,1982,2,5.25,18258.256
MEXICO,1983,1,6.7,825.72
MEXICO,1985,2,7.85,175467.86
MEXICO,1989,1,6.8,825.12
MEXICO,1995,2,7.7,2065.72
MEXICO,1996,1,7.1,825.12
MEXICO,1997,1,7.2,825.12
MEXICO,1998,1,6.3,825.72
MEXICO,1999,3,6.933333333,12297.488
MEXICO,2002,3,5.566666667,963.7866667
MEXICO,2003,1,7.5,60428.48
MEXICO,2004,1,6.1,825.12
MEXICO,2006,1,5.8,825.12
MEXICO,2007,1,6,618.12
MEXICO,2008,1,5.1,825.12
MEXICO,2009,1,5.9,1125.12
MEXICO,2010,2,6.7,3135.06
MEXICO,2011,1,6.4,705.72
MEXICO,2012,1,7.4,7477.48
MEXICO,2013,1,6.2,633.12
MEXICO,2014,4,6.7,831.62
PHILIPPINES,1627,1,8,5553.48
PHILIPPINES,1645,1,8,39674
PHILIPPINES,1840,1,6.5,7223.48
PHILIPPINES,1852,1,7.5,5141.48
PHILIPPINES,1862,1,6.5,825.12
PHILIPPINES,1863,1,6.5,30722
PHILIPPINES,1865,1,6,2907.72
PHILIPPINES,1869,1,7,4428.48
PHILIPPINES,1872,1,6,825.12
PHILIPPINES,1880,1,7.5,5703.48
PHILIPPINES,1889,1,6.8,3975.72
PHILIPPINES,1897,6,8.183333333,1692.173333
PHILIPPINES,1901,1,7.8,825.12
PHILIPPINES,1902,1,7.3,10803.48
PHILIPPINES,1903,1,7.8,3975.72
PHILIPPINES,1905,1,6.5,825.12
PHILIPPINES,1907,2,7.5,711.8
PHILIPPINES,1908,1,7.5,825.12
PHILIPPINES,1910,1,6.2,825.12
PHILIPPINES,1911,1,7.8,3978.48
PHILIPPINES,1913,1,7.7,825.12
PHILIPPINES,1915,1,6.4,825.12
PHILIPPINES,1917,1,6.4,911.72
PHILIPPINES,1918,2,7.9,961.8
PHILIPPINES,1919,1,7.4,825.12
PHILIPPINES,1921,1,7.5,1125.12
PHILIPPINES,1922,2,6.15,1025.72
PHILIPPINES,1923,2,6.35,825.12
PHILIPPINES,1924,3,7.366666667,2551.44
PHILIPPINES,1925,3,6.8,4090.52
PHILIPPINES,1928,2,7.15,4081.22
PHILIPPINES,1929,1,7.2,5550.72
PHILIPPINES,1931,1,6.9,825.12
PHILIPPINES,1934,1,7.9,825.12
PHILIPPINES,1937,1,7.5,6713.48
PHILIPPINES,1939,1,6.5,825.12
PHILIPPINES,1942,1,7.8,825.12
PHILIPPINES,1943,1,8.1,825.12
PHILIPPINES,1948,1,8.3,9190.84
PHILIPPINES,1949,2,6.8,1005.42
PHILIPPINES,1951,1,7.8,825.12
PHILIPPINES,1952,1,7.8,825.12
PHILIPPINES,1954,1,6.8,1313.12
PHILIPPINES,1955,1,7.6,825.12
PHILIPPINES,1957,1,7.6,825.12
PHILIPPINES,1968,1,7.3,8314.92
PHILIPPINES,1970,4,6.825,2376.82
PHILIPPINES,1972,2,7.3,825.42
PHILIPPINES,1973,1,7.5,1037.108
PHILIPPINES,1975,1,7.6,630.12
PHILIPPINES,1976,2,7.4,80616.14
PHILIPPINES,1977,1,7.3,340.024
PHILIPPINES,1978,1,6.9,825.12
PHILIPPINES,1982,1,7.1,825.12
PHILIPPINES,1983,1,6.5,9028.53448
PHILIPPINES,1985,2,6.3,582.22
PHILIPPINES,1987,2,5.75,613.12
PHILIPPINES,1988,3,6.066666667,697.9866667
PHILIPPINES,1989,1,7.5,4795.24
PHILIPPINES,1990,4,6.75,14123.94
PHILIPPINES,1991,1,5.5,4910.48
PHILIPPINES,1992,1,7.5,825.12
PHILIPPINES,1994,1,7.1,29511.888
PHILIPPINES,1995,2,7,825.12
PHILIPPINES,1999,1,7.3,745.43056
PHILIPPINES,2000,1,6.4,3823.72
PHILIPPINES,2001,1,7.5,825.12
PHILIPPINES,2002,1,7.5,5975.41136
PHILIPPINES,2003,3,6.2,1812.653333
PHILIPPINES,2004,1,4.1,825.12
PHILIPPINES,2007,2,5,705.12
PHILIPPINES,2008,1,6,825.12
PHILIPPINES,2009,1,5.7,1659.12
PHILIPPINES,2010,1,7.6,825.12
PHILIPPINES,2011,2,5.25,993.12
PHILIPPINES,2012,4,6.425,34762.978
PHILIPPINES,2013,2,6.4,5927.032
PHILIPPINES,2014,1,5.2,795.12
MYANMAR (BURMA),1908,1,7.5,825.12
MYANMAR (BURMA),1912,1,8,825.12
MYANMAR (BURMA),1929,1,5.5,825.72
MYANMAR (BURMA),1930,2,7.3,7944.6
MYANMAR (BURMA),1931,1,7.6,825.12
MYANMAR (BURMA),1932,1,7,825.72
MYANMAR (BURMA),1943,1,7.2,825.12
MYANMAR (BURMA),1946,2,7.65,825.12
MYANMAR (BURMA),1954,1,7.4,825.72
MYANMAR (BURMA),1956,1,7,825.12
MYANMAR (BURMA),1975,1,6.5,825.12
MYANMAR (BURMA),1988,1,7.2,825.12
MYANMAR (BURMA),1991,1,7.1,867.12
MYANMAR (BURMA),2003,1,6.6,1125.12
MYANMAR (BURMA),2008,1,4.7,33075.48
MYANMAR (BURMA),2009,1,5.2,825.12
MYANMAR (BURMA),2011,2,6.55,31809.492
MYANMAR (BURMA),2012,1,6.8,4509.72
MYANMAR (BURMA),2016,1,6.8,1615.72
RWANDA,2002,1,4.7,16126.48
RWANDA,2008,1,4.9,1137.12
RWANDA,2015,1,5.5,645.12
SERBIA AND MONTENEGRO,1922,1,6,825.12
SERBIA AND MONTENEGRO,1927,1,5.9,825.12
SERBIA AND MONTENEGRO,1968,1,5.3,825.12
SERBIA AND MONTENEGRO,1978,1,5.7,825.12
SERBIA AND MONTENEGRO,1979,2,6.1,12220.56
SERBIA AND MONTENEGRO,1980,1,5.8,1026.2
SERBIA AND MONTENEGRO,1983,1,5.1,825.12
SERBIA AND MONTENEGRO,1984,1,4.7,641.72
SERBIA AND MONTENEGRO,1998,1,5.5,5246.72
SERBIA AND MONTENEGRO,2002,1,5.7,865.12
SERBIA AND MONTENEGRO,2010,1,5.5,39823.48
SERBIA AND MONTENEGRO,2015,1,4.4,1275.12
JAMAICA,1899,1,7.8,825.12
JAMAICA,1907,1,6.5,15307.2
JAMAICA,1988,1,4.7,825.72
ERITREA,1884,1,6.2,5550.72
GHANA,1636,1,5.7,825.12
GHANA,1862,1,6.5,5333.48
GHANA,1872,1,4.9,825.12
GHANA,1906,1,5,5550.72
GHANA,1939,1,6.4,14913.48
BELGIUM,1983,1,5,5372
JORDAN,1834,1,6.3,9225.72
JORDAN,2004,1,5.3,957.72
GEORGIA,1088,1,5.3,825.12
GEORGIA,1275,1,6.7,825.12
GEORGIA,1283,1,6.3,825.12
GEORGIA,1350,1,6.5,825.12
GEORGIA,1811,1,4.2,825.12
GEORGIA,1868,1,4.5,825.12
GEORGIA,1905,1,7.5,825.12
GEORGIA,1920,1,6.2,9228.48
GEORGIA,1986,1,5.7,13873.48
GEORGIA,1991,3,6,6672.746667
GEORGIA,2002,1,4.3,15094.48
GEORGIA,2009,1,6,6483.72
CYPRUS,1953,1,6.5,5850.72
CYPRUS,1995,1,5.9,4111.0416
UKRAINE,1341,1,6,825.12
UKRAINE,1615,1,5.7,825.12
UKRAINE,1869,1,5.6,825.12
UKRAINE,1872,1,4.3,825.12
UKRAINE,1875,1,5.2,8175.72
UKRAINE,1927,3,6.166666667,8653.613333
CONGO,1820,1,6.2,6075.12
CONGO,1960,1,6.6,3965.72
CONGO,1992,1,7,1201.12
CONGO,2002,1,6.2,1045.12
CONGO,2005,1,6.8,3110.12
CONGO,2008,1,5.9,11900.48
DOMINICAN REPUBLIC,1916,1,7.2,825.12
DOMINICAN REPUBLIC,1946,2,7.7,12264.3
DOMINICAN REPUBLIC,1953,1,7.2,825.12
DOMINICAN REPUBLIC,1971,1,6.1,1225.72
DOMINICAN REPUBLIC,1984,1,6.7,625.12
DOMINICAN REPUBLIC,2003,2,5.45,3039.3
BRAZIL,1986,1,4.8,13861.2
BRAZIL,2007,1,4.6,892.72
BRAZIL,2008,1,4.3,825.12
BRAZIL,2012,1,4.1,711.12
HONDURAS,1764,1,6.5,1572.12
HONDURAS,1856,1,7.5,10803.48
HONDURAS,1910,1,7.5,825.12
HONDURAS,1980,1,6.4,4795.72
HONDURAS,1982,2,5.55,4481.22
HONDURAS,2009,1,7.3,1755.72
HONDURAS,2013,1,5.4,954.12
BHUTAN,2003,1,5.5,825.12
BHUTAN,2006,1,5.8,1734.12
BHUTAN,2009,3,5.533333333,5153.64
USA,1700,1,9,828.48
USA,1755,1,7,825.12
USA,1788,2,8,6075.12
USA,1811,2,8.25,826.8
USA,1812,4,7.9,915.42
USA,1838,1,7,825.12
USA,1840,1,5.2,825.12
USA,1855,1,6,615.72
USA,1856,1,5.5,825.12
USA,1857,1,8.3,825.12
USA,1862,1,5.9,825.12
USA,1865,1,6.3,1275.12
USA,1868,2,7.35,5835.402
USA,1871,2,6.45,975.42
USA,1872,1,7.8,1336.06
USA,1873,1,6.7,825.12
USA,1880,1,7,825.12
USA,1884,1,5.5,825.12
USA,1886,1,7.7,1176.44
USA,1892,1,6.2,825.72
USA,1895,1,4.3,825.12
USA,1898,2,7.05,825.42
USA,1899,4,7.65,825.96
USA,1900,1,8.3,825.12
USA,1901,2,7.1,825.12
USA,1902,1,7.8,825.12
USA,1903,1,8.3,825.12
USA,1904,1,8.3,825.12
USA,1905,1,7.9,825.12
USA,1906,3,7.766666667,825.12
USA,1907,2,6.65,825.12
USA,1908,2,6.4,825.12
USA,1909,1,7.8,825.12
USA,1911,1,6.9,825.12
USA,1912,1,7.5,825.12
USA,1915,2,6.9,825.12
USA,1916,2,7.6,825.12
USA,1917,1,7.9,825.12
USA,1918,1,6.8,825.12
USA,1922,1,7.6,825.12
USA,1923,1,7.2,825.12
USA,1925,3,6.766666667,2460.692
USA,1927,3,6.733333333,735.52
USA,1929,2,7.8,825.12
USA,1930,1,5.2,585.12
USA,1932,1,7.2,825.12
USA,1933,1,6.3,825.12
USA,1934,1,7.1,825.12
USA,1935,2,6.1,3935.5
USA,1938,1,8.2,825.12
USA,1940,2,7.3,749.02
USA,1941,1,6.6,825.12
USA,1944,1,5.6,825.48
USA,1946,1,8.6,6976.25104
USA,1947,1,6.4,825.12
USA,1948,1,7.5,825.12
USA,1949,1,7,661
USA,1951,1,6.9,825.12
USA,1952,2,6.75,1003.76
USA,1954,3,6.866666667,825.12
USA,1957,2,8.05,615.8
USA,1958,1,7.8,625.024
USA,1959,1,7.7,857.64
USA,1962,2,6.15,825.12
USA,1964,1,9.2,6786
USA,1965,4,7.35,781.7406
USA,1969,1,4.8,587.004
USA,1970,1,6,825.12
USA,1971,3,6.433333333,6265.48
USA,1972,1,7.6,825.12
USA,1973,2,6.1,769.75
USA,1975,4,6.725,1919.23
USA,1978,1,5.6,825.12
USA,1979,2,7.2,825.12
USA,1980,5,5.9,960.12
USA,1981,1,6,825.36
USA,1983,4,6.575,1795.31
USA,1984,2,5.6,834.02
USA,1986,5,6.48,891.8656
USA,1987,5,6.36,1074.52
USA,1988,1,7.8,825.12
USA,1989,3,6.633333333,13110.28
USA,1990,1,5.5,868.048
USA,1991,2,5.65,1030.38
USA,1992,5,6.62,1597.448
USA,1993,2,5.8,825.12
USA,1994,5,5.92,85930.1728
USA,1995,1,6,825.12
USA,1996,2,7.6,825.12
USA,1999,1,7.2,657.12
USA,2000,1,5,965
USA,2001,2,5.5,2445.06
USA,2002,3,6.6,765.76
USA,2003,5,5.64,817.496
USA,2004,1,6,825.12
USA,2005,2,6.4,825.12
USA,2006,1,6.7,5042.52
USA,2007,6,4.466666667,736.4533333
USA,2008,4,5.425,1789.77
USA,2010,3,5.333333333,840.1573333
USA,2011,7,5.585714286,1277.805714
USA,2013,2,4.8,1594.56
USA,2014,4,6.275,2164.458
USA,2015,1,6.9,825.12
USA,2016,2,6.05,805.62
ALBANIA,1273,1,6.5,825.12
ALBANIA,1833,1,6.4,825.72
ALBANIA,1851,1,6.6,33874
ALBANIA,1866,1,6.7,825.12
ALBANIA,1893,1,7.5,828.48
ALBANIA,1895,1,6.4,825.72
ALBANIA,1905,1,6.6,825.12
ALBANIA,1906,1,6.5,825.12
ALBANIA,1907,1,6.2,825.12
ALBANIA,1920,2,5.8,11053.48
ALBANIA,1926,1,5.8,5553.48
ALBANIA,1930,3,5.533333333,825.12
ALBANIA,1931,1,5.8,825.12
ALBANIA,1942,1,6,6413.48
ALBANIA,1959,1,6.1,825.12
ALBANIA,1962,1,6,825.12
ALBANIA,1967,2,6.05,1059.42
ALBANIA,1969,1,5.5,825.12
ALBANIA,1988,1,5.8,825.12
ALBANIA,1997,1,4.7,825.12
ALBANIA,1998,1,5.3,6900.72
ALBANIA,2005,1,5.2,825.12
ALBANIA,2006,1,4.5,516.12
ALBANIA,2007,1,4.5,825.12
ALBANIA,2014,1,5.1,825.12
MOZAMBIQUE,2006,1,7,3124.72
ETHIOPIA,1631,1,5.7,825.12
ETHIOPIA,1875,1,6.2,825.12
ETHIOPIA,1906,1,6.8,825.12
ETHIOPIA,1921,1,5.9,1328.48
ETHIOPIA,1961,1,6.5,5075.72
ETHIOPIA,1969,1,6.2,6780.0768
ETHIOPIA,1973,1,5.9,825.12
ETHIOPIA,2005,1,5.6,825.72
ETHIOPIA,2010,1,5.1,8175.72
UGANDA,1945,1,6,825.12
UGANDA,1966,1,7,6175.36
UGANDA,1994,1,6.2,1061.8
BOLIVIA,1899,1,6.9,825.12
BOLIVIA,1916,1,7.5,825.12
BOLIVIA,1957,1,7.8,825.12
BOLIVIA,1959,1,7.5,585.12
BOLIVIA,1994,1,8.2,4825.72
BOLIVIA,1998,1,6.6,7353.48
RUSSIA,1652,1,5.8,825.72
RUSSIA,1688,1,5.3,825.12
RUSSIA,1725,1,8.2,825.12
RUSSIA,1737,2,7.65,825.12
RUSSIA,1742,2,7.6,825.12
RUSSIA,1761,1,7.7,825.12
RUSSIA,1769,1,7.3,825.12
RUSSIA,1780,1,7.5,695.12
RUSSIA,1790,1,7.5,825.12
RUSSIA,1791,1,6.8,825.12
RUSSIA,1792,1,8.4,825.12
RUSSIA,1829,1,7.5,825.12
RUSSIA,1830,1,6.3,825.12
RUSSIA,1841,1,8.4,825.72
RUSSIA,1847,1,7.5,825.12
RUSSIA,1849,1,7.5,825.12
RUSSIA,1858,1,7.5,825.12
RUSSIA,1862,1,7.5,825.12
RUSSIA,1885,1,4,825.12
RUSSIA,1896,1,7.6,825.12
RUSSIA,1899,1,7.9,825.12
RUSSIA,1900,1,7.9,825.12
RUSSIA,1901,1,7.5,825.12
RUSSIA,1902,1,8,825.12
RUSSIA,1904,3,8.1,825.12
RUSSIA,1905,2,6.45,825.12
RUSSIA,1907,1,7.9,825.12
RUSSIA,1908,1,7.6,825.12
RUSSIA,1911,1,7.6,825.12
RUSSIA,1913,2,7.6,825.12
RUSSIA,1915,2,7.7,825.12
RUSSIA,1916,1,7.7,825.12
RUSSIA,1917,1,7.8,825.12
RUSSIA,1918,3,7.933333333,908.6533333
RUSSIA,1922,1,7.5,825.12
RUSSIA,1923,3,7.733333333,3387.986667
RUSSIA,1924,2,7.2,825.12
RUSSIA,1927,1,7.5,825.12
RUSSIA,1929,1,7.7,825.12
RUSSIA,1935,1,7.6,825.12
RUSSIA,1936,2,7.25,825.12
RUSSIA,1937,1,7.6,825.12
RUSSIA,1943,1,7.6,825.12
RUSSIA,1950,1,7.9,825.12
RUSSIA,1952,1,9,100578.48
RUSSIA,1953,1,5.8,825.12
RUSSIA,1956,1,7.6,825.12
RUSSIA,1957,1,7.6,825.72
RUSSIA,1958,1,8.3,825.12
RUSSIA,1959,4,6.85,853.77
RUSSIA,1961,2,6.65,825.12
RUSSIA,1963,3,7.833333333,825.12
RUSSIA,1964,1,6.8,825.12
RUSSIA,1965,1,7.2,825.12
RUSSIA,1966,1,5.5,825.12
RUSSIA,1967,1,7,825.12
RUSSIA,1968,1,7.3,825.12
RUSSIA,1969,2,7.75,825.42
RUSSIA,1970,3,5.766666667,2726.24
RUSSIA,1971,7,6.514285714,825.12
RUSSIA,1973,3,6.966666667,761.32
RUSSIA,1974,1,6.7,825.12
RUSSIA,1975,2,6.1,825.12
RUSSIA,1976,1,7,825.12
RUSSIA,1978,6,7.116666667,825.22
RUSSIA,1980,1,7,825.12
RUSSIA,1983,1,6.5,825.12
RUSSIA,1984,2,7,825.12
RUSSIA,1989,1,5,825.12
RUSSIA,1991,2,6.65,825.12
RUSSIA,1993,2,7.25,825.12
RUSSIA,1994,2,7.8,2184.8
RUSSIA,1995,2,7.5,13581.06
RUSSIA,1997,1,7.8,825.12
RUSSIA,1999,1,3.2,825.216
RUSSIA,2000,1,6.8,8879.2208
RUSSIA,2003,3,6.133333333,1524.261333
RUSSIA,2004,1,4.9,951.12
RUSSIA,2006,2,7.95,3158.46
RUSSIA,2007,2,7.15,580.12
RUSSIA,2008,3,6.533333333,2990.24
RUSSIA,2009,1,7.4,825.12
RUSSIA,2011,1,6.7,3975.72
RUSSIA,2012,1,7.7,825.12
RUSSIA,2013,4,6.25,9450.96
COSTA RICA,1822,1,7.6,1275.72
COSTA RICA,1854,2,7.2,825.12
COSTA RICA,1905,1,6.8,825.12
COSTA RICA,1941,2,7.25,5192.92
COSTA RICA,1950,1,7.7,5025.12
COSTA RICA,1955,1,5.8,825.12
COSTA RICA,1973,1,6.5,1435.048
COSTA RICA,1983,2,6.75,955.72
COSTA RICA,1990,3,5.766666667,1624.84
COSTA RICA,1991,2,6.15,1221.26
COSTA RICA,1993,1,5.8,467.12
COSTA RICA,2004,1,6.4,5567.48
COSTA RICA,2008,1,5.6,825.12
COSTA RICA,2009,1,6.1,5964.48
COSTA RICA,2012,1,7.6,1005.12
PANAMA,1882,1,8.3,11203.48
PANAMA,1884,1,7.5,1275.72
PANAMA,1904,1,7.2,825.12
PANAMA,1916,1,7,825.006
PANAMA,1934,1,7.7,1107.012
PANAMA,1962,1,7.4,825.12
PANAMA,1979,1,6.5,825.48
PANAMA,1991,1,6.2,913.72
PANAMA,2000,1,6.5,1007.72
PANAMA,2002,1,6.5,4313.72
PANAMA,2003,2,5.95,2485.42
PANAMA,2004,1,6.1,657.12
PANAMA,2006,1,4.5,825.12
PANAMA,2008,1,6.1,825.12
PANAMA,2009,1,6,791.12
PANAMA,2015,1,5.9,921.12
BANGLADESH,1842,1,6,825.12
BANGLADESH,1868,1,7.5,825.12
BANGLADESH,1918,1,7.6,825.72
BANGLADESH,1930,1,7.1,828.48
BANGLADESH,1988,1,5.8,1195.72
BANGLADESH,1989,1,5.1,825.12
BANGLADESH,1999,1,4.2,8113.48
BANGLADESH,2001,1,4.5,1725.12
BANGLADESH,2002,1,4.5,1365.12
BANGLADESH,2003,1,5.7,4870.72
BANGLADESH,2007,1,5.1,705.12
BANGLADESH,2008,1,5,1125.12
BANGLADESH,2010,1,4.8,825.12
PAPUA NEW GUINEA,1768,1,7.5,825.12
PAPUA NEW GUINEA,1857,1,8,1775.72
PAPUA NEW GUINEA,1873,1,8,1775.72
PAPUA NEW GUINEA,1875,1,7,825.12
PAPUA NEW GUINEA,1900,1,6.8,825.12
PAPUA NEW GUINEA,1902,1,7.8,825.12
PAPUA NEW GUINEA,1905,1,7.5,825.12
PAPUA NEW GUINEA,1906,2,7.6,3439.3
PAPUA NEW GUINEA,1907,2,7.55,3187.92
PAPUA NEW GUINEA,1910,1,6,825.12
PAPUA NEW GUINEA,1913,2,7.25,825.12
PAPUA NEW GUINEA,1916,2,7.7,825.12
PAPUA NEW GUINEA,1917,1,7.7,825.12
PAPUA NEW GUINEA,1918,1,7.5,825.12
PAPUA NEW GUINEA,1919,1,7.8,825.12
PAPUA NEW GUINEA,1920,1,7.7,825.12
PAPUA NEW GUINEA,1922,1,7.5,825.12
PAPUA NEW GUINEA,1923,2,7.2,825.12
PAPUA NEW GUINEA,1930,2,6.55,1122.92
PAPUA NEW GUINEA,1931,1,7,825.12
PAPUA NEW GUINEA,1935,1,7.8,825.12
PAPUA NEW GUINEA,1938,1,7.5,825.12
PAPUA NEW GUINEA,1939,1,7.7,9550.72
PAPUA NEW GUINEA,1941,1,7.4,3549.72
PAPUA NEW GUINEA,1944,1,7.5,825.12
PAPUA NEW GUINEA,1945,1,7.8,825.12
PAPUA NEW GUINEA,1946,1,7.7,825.12
PAPUA NEW GUINEA,1947,1,7.3,825.12
PAPUA NEW GUINEA,1949,1,7.5,825.12
PAPUA NEW GUINEA,1953,1,7.4,825.00312
PAPUA NEW GUINEA,1955,1,7.3,825.12
PAPUA NEW GUINEA,1960,1,6.6,825.12
PAPUA NEW GUINEA,1964,1,7.6,825.12
PAPUA NEW GUINEA,1967,1,6.4,825.12
PAPUA NEW GUINEA,1968,2,7.65,825.12
PAPUA NEW GUINEA,1969,1,5.4,825.12
PAPUA NEW GUINEA,1970,1,7.3,7690.42
PAPUA NEW GUINEA,1971,3,7.6,698.6533333
PAPUA NEW GUINEA,1975,2,7.8,1051.8
PAPUA NEW GUINEA,1977,1,5.5,825.12
PAPUA NEW GUINEA,1979,1,6.2,825.12
PAPUA NEW GUINEA,1983,2,7,753.36
PAPUA NEW GUINEA,1984,1,6.6,5438.72
PAPUA NEW GUINEA,1985,2,7.15,705.24
PAPUA NEW GUINEA,1986,1,7.1,825.12
PAPUA NEW GUINEA,1987,3,7.366666667,2327.156667
PAPUA NEW GUINEA,1988,2,5.55,825.12
PAPUA NEW GUINEA,1989,1,5.4,825.12
PAPUA NEW GUINEA,1990,1,7.5,825.12
PAPUA NEW GUINEA,1993,1,6.9,2576.2
PAPUA NEW GUINEA,1995,1,7.7,825.12
PAPUA NEW GUINEA,1998,1,7,30624.48
PAPUA NEW GUINEA,2000,3,7.866666667,2323.653333
PAPUA NEW GUINEA,2002,2,7.15,1569.6
PAPUA NEW GUINEA,2005,1,7.7,825.12
PAPUA NEW GUINEA,2014,1,7.5,825.12
PAPUA NEW GUINEA,2015,2,7.5,825.12
CUBA,1766,1,6.8,825.12
CUBA,1900,1,7.5,825.12
CUBA,1932,1,5.4,825.12
CUBA,1939,1,5.6,825.12
CUBA,1992,1,7,5715.72
FRANCE,1564,1,5.8,7099
FRANCE,1817,1,8,825.12
FRANCE,1909,1,6.2,825.12
FRANCE,1911,1,5,825.12
FRANCE,1959,1,5.5,825.12
FRANCE,1962,1,5.3,825.12
FRANCE,1967,1,5.3,5990.72
FRANCE,1972,1,5.3,825.12
FRANCE,1991,1,3.8,665.12
FRANCE,2002,1,4.2,825.12
FRANCE,2003,1,5,825.12
FRANCE,2006,2,4.5,825.12
SOLOMON ISLANDS,1900,1,7.6,825.12
SOLOMON ISLANDS,1909,1,7.7,825.12
SOLOMON ISLANDS,1910,1,8,825.12
SOLOMON ISLANDS,1926,2,7.2,975.42
SOLOMON ISLANDS,1931,2,7.75,3314.3
SOLOMON ISLANDS,1934,2,7.45,825.12
SOLOMON ISLANDS,1935,1,7.6,825.12
SOLOMON ISLANDS,1939,1,7.9,1145.72
SOLOMON ISLANDS,1950,1,7.3,825.12
SOLOMON ISLANDS,1953,1,7.5,825.12
SOLOMON ISLANDS,1955,1,6.5,825.12
SOLOMON ISLANDS,1957,1,7.8,825.12
SOLOMON ISLANDS,1959,1,7.3,828.48
SOLOMON ISLANDS,1961,1,6.4,825.12
SOLOMON ISLANDS,1963,2,7.5,825.12
SOLOMON ISLANDS,1966,3,7.366666667,825.12
SOLOMON ISLANDS,1969,1,7.5,825.12
SOLOMON ISLANDS,1970,1,7.5,825.12
SOLOMON ISLANDS,1974,2,7.05,825.42
SOLOMON ISLANDS,1977,4,7.5,783.8
SOLOMON ISLANDS,1980,2,7.7,825.12
SOLOMON ISLANDS,1982,1,7.5,825.12
SOLOMON ISLANDS,1984,1,7.5,825.72
SOLOMON ISLANDS,1985,1,6.9,5550.12
SOLOMON ISLANDS,1987,1,6.3,825.12
SOLOMON ISLANDS,1988,1,7.6,1260.12
SOLOMON ISLANDS,1991,2,7.05,825.12
SOLOMON ISLANDS,1992,1,7,825.12
SOLOMON ISLANDS,1996,1,7.2,5550.72
SOLOMON ISLANDS,1997,1,7.7,663.12
SOLOMON ISLANDS,2003,1,7.3,825.12
SOLOMON ISLANDS,2007,2,7.65,13534.3
SOLOMON ISLANDS,2009,1,7.8,825.12
SOLOMON ISLANDS,2010,3,6.833333333,868.12
SOLOMON ISLANDS,2012,1,6.4,834.12
SOLOMON ISLANDS,2013,2,7.45,4602.92
SOLOMON ISLANDS,2014,2,7.5,825.12
SOLOMON ISLANDS,2015,2,6.85,825.12
USA TERRITORY,1849,1,7.5,11203.48
USA TERRITORY,1867,1,7.5,839
USA TERRITORY,1892,1,7.5,825.72
USA TERRITORY,1902,1,8.1,828.48
USA TERRITORY,1909,1,8,825.72
USA TERRITORY,1918,1,7.3,2715.96
USA TERRITORY,1943,1,7.8,825.12
USA TERRITORY,1975,1,6.1,825.12
USA TERRITORY,1988,1,5.7,825.72
USA TERRITORY,1989,1,4.4,825.12
USA TERRITORY,1990,1,7.5,825.12
USA TERRITORY,1993,1,7.8,1069
USA TERRITORY,1997,1,6.5,657.12
USA TERRITORY,2001,1,7,5358.72
USA TERRITORY,2002,2,6.8,745.12
USA TERRITORY,2010,3,5.7,825.12
USA TERRITORY,2014,1,6.4,825.12
USA TERRITORY,2016,1,7.7,825.12
AZORES (PORTUGAL),1939,1,6.5,825.12
AZORES (PORTUGAL),1964,1,4.6,825.12
AZORES (PORTUGAL),1968,1,7.6,825.12
AZORES (PORTUGAL),1973,1,5.1,825.12
AZORES (PORTUGAL),1980,1,6.7,5866.2
AZORES (PORTUGAL),1988,1,5.3,825.12
AZORES (PORTUGAL),1989,1,5.7,825.12
AZORES (PORTUGAL),1998,1,6.2,1292.28
SLOVENIA,1511,1,6.5,5453.48
SLOVENIA,1628,1,5,825.12
SLOVENIA,1699,1,5,825.12
SLOVENIA,1840,1,4.9,825.12
SLOVENIA,1845,1,4.9,825.12
SLOVENIA,1882,1,4.8,825.12
SLOVENIA,1895,1,6.1,5373.48
SLOVENIA,1916,1,4.9,825.12
SLOVENIA,1917,1,5.6,825.12
SLOVENIA,1956,1,4.5,825.12
SLOVENIA,1963,1,4.9,825.12
SLOVENIA,1974,1,4.5,825.12
SLOVENIA,1977,1,4.6,825.12
SLOVENIA,2004,1,5.2,425.12
SOUTH AFRICA,1942,1,7.9,825.12
SOUTH AFRICA,1969,2,6.05,762.94
SOUTH AFRICA,1976,1,5.2,703.72
SOUTH AFRICA,1986,1,4.8,825.12
SOUTH AFRICA,1990,2,4.1,479.12
SOUTH AFRICA,1997,1,5,893.12
SOUTH AFRICA,2000,1,4.5,633.12
SOUTH AFRICA,2005,1,4.3,859.72
SOUTH AFRICA,2009,1,3.5,419.12
SOUTH AFRICA,2014,1,5.3,8741.72
WALLIS AND FUTUNA (FRENCH TERRITORY),1993,1,6.4,1335.12
SOLOMON SEA,1895,1,7.3,1775.72
SOLOMON SEA,1972,1,7.1,825.12
NEW CALEDONIA,1875,1,8,5553.48
NEW CALEDONIA,1901,1,8.4,825.72
NEW CALEDONIA,1920,1,7.8,825.12
NEW CALEDONIA,1928,1,7.5,825.12
NEW CALEDONIA,1943,1,7.5,825.12
NEW CALEDONIA,1944,1,7.5,825.12
NEW CALEDONIA,1972,1,7,825.12
NEW CALEDONIA,1995,1,7.7,825.12
NEW CALEDONIA,2003,1,6.1,825.12
NEW CALEDONIA,2008,1,7.3,825.12
NEW CALEDONIA,2016,1,7.2,825.12
VANUATU,1863,1,7.5,6075.12
VANUATU,1875,1,7,825.12
VANUATU,1878,2,7.75,825.12
VANUATU,1893,1,6,825.12
VANUATU,1903,1,7.9,825.12
VANUATU,1910,4,7.625,825.27
VANUATU,1913,2,7.8,825.12
VANUATU,1925,1,7.6,825.12
VANUATU,1944,1,7.5,825.12
VANUATU,1950,1,7.8,825.12
VANUATU,1952,1,6.8,825.12
VANUATU,1953,1,7.5,825.12
VANUATU,1961,1,7.3,825.12
VANUATU,1964,1,7.5,825.12
VANUATU,1965,2,7.45,975.42
VANUATU,1971,1,7.1,825.12
VANUATU,1973,2,7.35,825.12
VANUATU,1985,2,7.6,825.12
VANUATU,1987,1,6.6,825.12
VANUATU,1990,1,6.4,3791.72
VANUATU,1999,1,7.5,6003.48
VANUATU,2002,2,6.55,1312.42
VANUATU,2007,2,7.15,825.12
VANUATU,2008,1,6.4,825.12
VANUATU,2009,3,6.533333333,979.12
VANUATU,2010,2,7.25,825.12
VANUATU,2011,3,6.866666667,825.12
VANUATU,2012,2,6.65,825.12
VANUATU,2015,1,6.4,825.12
VANUATU,2016,1,7,825.12
TUNISIA,1957,1,5.6,1273.72
TUNISIA,1962,1,5.3,825.12
SAMAO,1917,1,8.3,825.72
SAMAO,1957,1,7.5,825.12
SAMAO,1975,1,7.8,825.12
SAMAO,1977,1,7.6,825.12
SAMAO,1981,1,7.7,825.12
SAMAO,1995,1,7.4,825.12
SAMAO,2006,1,6.9,825.12
SAMAO,2009,1,8.1,2419.4
SWITZERLAND,1601,1,6.2,1415.72
SWITZERLAND,1855,1,8.5,825.12
SWITZERLAND,2006,1,3.9,825.12
MARTINIQUE,1839,1,7.8,825.12
MARTINIQUE,1906,1,7.9,825.12
MARTINIQUE,2007,1,7.4,1201.12
SAUDI ARABIA,2004,1,4.6,825.12
SAUDI ARABIA,2009,2,5.15,978.12
SUDAN,1990,2,7.05,1155.12
SUDAN,1993,1,5.5,467.12
GERMANY,1978,1,5.3,825.12
GERMANY,2002,1,4.8,825.12
GERMANY,2003,1,4.7,825.12
GERMANY,2004,1,4.8,825.12
GERMANY,2014,1,4.1,1095.3264
MALAYSIA,1976,1,6.2,825.12
MALAYSIA,1991,1,4.5,585.12
MALAYSIA,2015,1,6,1143.12
AUSTRALIA,1897,1,6.5,825.12
AUSTRALIA,1906,1,7.8,825.12
AUSTRALIA,1924,2,7.65,825.12
AUSTRALIA,1926,1,7.9,825.12
AUSTRALIA,1943,1,7.9,825.12
AUSTRALIA,1954,1,5.4,825.12
AUSTRALIA,1968,1,6.9,825.12
AUSTRALIA,1970,1,7.6,825.12
AUSTRALIA,1973,1,5.5,825.12
AUSTRALIA,1979,1,6.1,825.12
AUSTRALIA,1987,1,7.7,825.12
AUSTRALIA,1988,2,6.5,825.12
AUSTRALIA,1989,2,6.8,1180.06
AUSTRALIA,2000,1,7.9,825.12
AUSTRALIA,2004,1,8.1,825.12
AUSTRALIA,2009,1,3.1,825.12
AUSTRALIA,2010,1,5.2,649.12
AUSTRALIA,2014,1,4.5,825.12
SOUTH KOREA,1455,1,6.3,825.12
SOUTH KOREA,1553,1,6.3,825.12
SOUTH KOREA,1613,1,6.3,825.12
SOUTH KOREA,1643,1,6.5,825.12
SOUTH KOREA,1649,1,6.5,825.72
SOUTH KOREA,1664,1,6.3,825.12
SOUTH KOREA,1670,1,6.3,825.12
SOUTH KOREA,1700,1,6.5,825.12
SOUTH KOREA,1936,1,5,825.12
SOUTH KOREA,2016,1,4.6,983.12
FIJI,1909,1,7.8,825.12
FIJI,1919,2,7.6,825.42
FIJI,1932,1,6.2,825.12
FIJI,1937,1,8.1,825.12
FIJI,1953,1,6.4,991.72
FIJI,1956,1,7.5,825.12
FIJI,1957,1,7.5,825.12
FIJI,1979,1,6.9,825.72
FIJI,1990,1,7.6,825.12
FIJI,1994,1,7.6,825.12
FIJI,2002,2,7.7,825.12
MONGOLIA,1903,1,7.8,825.12
MONGOLIA,1905,2,8.4,825.12
MONGOLIA,1957,1,8.1,875.72
MONGOLIA,1967,1,7.5,825.12
MONGOLIA,1974,1,6.7,825.12
KERMADEC ISLANDS (NEW ZEALAND),1905,1,7.5,825.12
KERMADEC ISLANDS (NEW ZEALAND),1917,2,7.75,825.12
KERMADEC ISLANDS (NEW ZEALAND),1932,1,7.9,825.12
KERMADEC ISLANDS (NEW ZEALAND),1943,1,7.6,825.12
KERMADEC ISLANDS (NEW ZEALAND),1955,1,7.8,825.12
KERMADEC ISLANDS (NEW ZEALAND),1959,1,7.7,825.12
KERMADEC ISLANDS (NEW ZEALAND),1961,1,7.5,825.12
KERMADEC ISLANDS (NEW ZEALAND),1968,1,7.3,825.12
KERMADEC ISLANDS (NEW ZEALAND),1976,2,7.9,825.12
KERMADEC ISLANDS (NEW ZEALAND),1978,1,7.7,825.12
KERMADEC ISLANDS (NEW ZEALAND),1986,1,8.1,825.12
KERMADEC ISLANDS (NEW ZEALAND),1993,1,6.6,825.12
KERMADEC ISLANDS (NEW ZEALAND),2007,1,7.8,825.12
KERMADEC ISLANDS (NEW ZEALAND),2011,2,7.5,825.12
SOUTH GEORGIA AND THE SOUTH SANDWICH ISLANDS,1929,1,7.8,825.12
SOUTH GEORGIA AND THE SOUTH SANDWICH ISLANDS,1961,3,7.633333333,825.12
SOUTH GEORGIA AND THE SOUTH SANDWICH ISLANDS,2016,1,7.4,825.12
HUNGARY,1763,1,6.2,825.12
HUNGARY,1834,1,6.8,825.12
HUNGARY,1956,1,5.8,825.12
HUNGARY,2006,2,4.45,825.12
NORTH KOREA,1036,1,5.7,825.12
NORTH KOREA,1385,1,6.3,825.12
NORTH KOREA,1518,1,6.7,825.12
NORTH KOREA,1668,1,6.4,825.12
NORTH KOREA,1727,1,5.7,825.12
ATLANTIC OCEAN,1925,1,7.5,825.12
ATLANTIC OCEAN,1941,1,8.3,825.12
ATLANTIC OCEAN,1954,1,7.5,825.12
ATLANTIC OCEAN,1975,1,7.7,825.12
ATLANTIC OCEAN,2008,1,5,825.12
SLOVAKIA,2004,1,2.2,825.12
"MICRONESIA, FE. STATES OF",1911,1,7.7,825.12
"MICRONESIA, FE. STATES OF",1912,2,7.2,825.12
ZAMBIA,1910,1,7.3,825.12
KIRIBATI,1905,1,7.6,825.12
BERING SEA,1991,1,6.7,825.12
GABON,1974,1,6.2,825.12
INDIAN OCEAN,1928,1,8.1,825.12
INDIAN OCEAN,1951,1,7.9,825.12
INDIAN OCEAN,2003,1,7.6,825.12
CENTRAL AFRICAN REPUBLIC,1921,1,4.8,825.12
UK TERRITORY,1983,1,7.6,825.12
NORWAY,1819,1,5.8,825.12
CAMEROON,1945,1,6.2,825.12
VIETNAM,2005,1,4.5,825.12
FRENCH POLYNESIA,1848,1,6.5,825.12
SIERRA LEONE,1795,1,5.2,825.12
LAOS,2007,1,6.3,825.12
TOGO,1788,1,5.6,825.12
PALAU,1914,1,7.6,825.12
ANTARCTICA,1973,1,7.5,825.12
ANTARCTICA,1998,1,8.1,825.12
ANTARCTICA,2003,1,7.6,825.12
ANTARCTICA,2013,1,7.8,825.12
PACIFIC OCEAN,1932,1,7.5,825.12
PACIFIC OCEAN,1958,1,6.1,825.12
COTE D'IVOIRE,1879,1,5.7,825.12
COTE D'IVOIRE,1889,1,4.7,825.12
TONGA,1865,1,8,825.12
TONGA,1902,1,7.8,825.12
TONGA,1903,1,8,825.12
TONGA,1913,1,7.6,825.12
TONGA,1919,1,8.1,825.12
TONGA,1948,1,7.9,825.12
TONGA,1949,1,7.5,825.12
TONGA,1950,1,7.7,825.12
TONGA,1956,1,7.7,825.12
TONGA,1963,1,7.5,825.12
TONGA,1975,1,7.8,825.12
TONGA,1977,2,7.2,825.12
TONGA,1982,1,7.7,825.12
TONGA,1987,1,7.3,825.12
TONGA,1997,1,7.7,825.12
TONGA,2006,1,7.9,633.12
TONGA,2009,1,7.6,825.12
CANADA,1928,1,5.8,825.12
CANADA,1929,2,7.15,840.18
CANADA,1938,1,6.3,825.12
CANADA,1946,1,7.3,825.12
CANADA,1949,1,8.1,825.12
CANADA,1970,1,7.5,825.12
CANADA,1982,1,4.5,825.12
CANADA,1988,1,5.8,825.12
CANADA,2001,1,6.1,825.12
CANADA,2004,1,6.6,825.12
CANADA,2010,1,5.2,825.12
CANADA,2012,1,7.7,585.12
UK ,1580,1,6.2,825.12
UK ,1931,1,6,825.12
UK ,1984,1,4.7,825.12
UK ,1990,1,4.7,1125.12
UK ,2002,1,4.8,633.12
UK ,2007,1,4.6,633.12
UK ,2008,1,4.8,633.12
NETHERLANDS,1992,1,5.2,769
LEBANON,1956,1,5.8,825.12
LEBANON,2008,1,5,705.12
ICELAND,1912,1,7.5,825.12
ICELAND,1929,1,6.3,825.12
ICELAND,1976,1,6.4,825.12
ICELAND,2000,2,6.5,593.34
ICELAND,2008,1,6.3,865.12
ANTIGUA AND BARBUDA,1690,1,8,825.12
ANTIGUA AND BARBUDA,1974,1,7.5,657.72
BOSNIA-HERZEGOVINA,1962,1,6.3,825.12
BOSNIA-HERZEGOVINA,1969,2,6.2,825.12
BOSNIA-HERZEGOVINA,1981,1,5.5,978.2
BOSNIA-HERZEGOVINA,1984,1,5.1,585.72
BOSNIA-HERZEGOVINA,1986,1,5.5,721.72
BOSNIA-HERZEGOVINA,1990,1,5.6,705.72
BOSNIA-HERZEGOVINA,2015,1,3.4,423.12
AUSTRIA,1590,1,6.6,825.12
AUSTRIA,1998,1,5.7,585.72
THAILAND,1983,1,5.9,825.72
THAILAND,2006,1,4.6,645.12
THAILAND,2014,1,6,524.12
POLAND,2004,1,4.8,649.12
TRINIDAD AND TOBAGO,1831,1,7,825.12
TRINIDAD AND TOBAGO,1997,1,6.7,449
TRINIDAD AND TOBAGO,2004,1,5.8,825.12
TRINIDAD AND TOBAGO,2006,2,5.8,509.12
BURUNDI,2004,1,4.7,596.12
CZECH REPUBLIC,2004,1,4.1,419.12
DJIBOUTI,1989,1,6.3,411.12
KENYA,1968,1,4.6,393.12
Grand Total,,4027,6.487956295,87292.69607
